,authors,title,journal,issue,year,document_type,abstract,keywords,url,language,authors_l,title_l,journal_l,keywords_l
1,"ARAÚJO, Ronaldo Ferreira de; FURNIVAL, Ariadne Chloe Mary",Comunicação científica e atenção online: em busca de colégios virtuais que sustentam métricas alternativas,Informação & Informação,"n. 2, v. 21, p. 68-89",2016,Artigo,"Introdução: As trocas informacionais em torno da atividade de comunicação científica têm se tornado cada vez mais dinâmicas no ciberespaço, modificando a prática dos cientistas e ampliando o alcance dos resultados de pesquisa que atinge uma atenção online cada vez mais expressiva entre grupos distintos.Objetivo: Analisar se os dados altmétricos de atenção online apontam a existência de ?colégios virtuais? ? compostos por pessoas de dentro e de fora da comunidade científica ? sobre o tema científico sendo compartilhado e comentado nas mídias sociais.Metodologia: Estudo piloto, caracterizado como exploratório, tendo como foco de análise a repercussão do artigo de acesso aberto com o maior indicador altmétrico (n=2.728) para o ano de 2015, segundo divulgado pela Altmetric.com em seu ranking ?Top 100?. A qualificação da atenção online é descrita pelas mídias mais expressivas (Twitter e Facebook) em uma amostra randômica (n=10%) para a qual se procedeu a análise de conteúdo e para caracterização do perfil dos grupos sociais que interagiram e a categorização dos tipos de conteúdos de interação.Resultado: A forma mais comum de disseminação observada foi o de compartilhamento e repasse para o Twitter (62%) e Facebook (45%), seguido das categorias ?conclusivo? (16% e 25%) e argumentativo (15% e 9,6%). O perfil dos usuários responsáveis pela circulação do artigo indica se tratar de especialistas da área da saúde.Conclusão: Embora a altmetria proponha uma avaliação de impacto mais social e democrático da pesquisa científica os colégios virtuais caracterizados indicam um público especializado e o debate e circulação da informação científica sobre o artigo analisado se concentra na comunidade científica.@pt-BR",Ciência da Informação; Comunicação Científica; Altmetria; Atenção Online; Colégio Virtual,http://www.brapci.inf.br/index.php/res/v/33564,Portuguese,"ronaldo ferreira de araujo, ariadne chloe mary furnival",comunicacao cientifica e atencao online em busca de colegios virtuais que sustentam metricas alternativas,informacao informacao,"altmetria, atenção online, ciência da informação, colégio virtual, comunicação científica"
2,"TORRICELLA-MORALES, Raúl Gonzalo; ARENCIBIA-JORGE, Ricardo",El Índice Wally: una propuesta altmétrica para las editoriales cubanas indexadas en la plataforma e-Libro.com,Bibliotecas. Anales de Investigación (Cuba),"n. 1, v. 14, p. 51-61",2018,Artigo,"Objetivo. Se propuso un índice altmétrico para identificar los títulos más consultados de las editoriales cubanas que distribuyen sus contenidos en la plataforma académica e-Libro.com.Diseño/Metodología/Enfoque. Se definió el Índice Wally como el cociente del Ln (# consultas) de un título entre el Ln (# consultas) máximas del conjunto de títulos evaluados en un período de tiempo definido. Se validó la utilidad de este Índice a partir del estudio de la distribución de títulos de seis editoriales cubanas que incluyen sus títulos en la plataforma académica e-Libro.com, durante el período septiembre 2016 - agosto 2017.Resultados/Discusión. Los datos del Índice Wally vs. # títulos de las editoriales cubanas disponibles en e-Libro.com se ajustaron al modelo de potencia, con un coeficiente de correlación de Pearson R2 = 0,7299, aunque los títulos con menores cantidades de consultas mostraron una mayor dispersión, por lo que se evaluó este índice con la colección de los 226 títulos más consultados. Con esta muestra, el Índice Wally´ normalizado vs. ranking de los títulos alcanzó el valor del coeficientes de correlación de Pearson R2= 0,9892 con un ajuste logarítmico.Conclusiones. Se propuso el empleo del Índice Wally´ para la evaluación de las consultas de un conjunto de títulos, seleccionados bajo criterios específicos, disponibles en plataformas Web que brinden datos sobre las consultas. El índice es relativo a la colección de títulos y es independiente de las cantidades de consultas.Originalidad/Valor. El Índice Wally´ puede ser empleado por cualquier editorial que desee examinar las consultas que reciben sus títulos en el entorno web.@es-ES Objective. It was proposed an altmetric index to identify the most consulted titles of Cuban publishers that distribute their contents on the e-Libro.com academic platform.Design/Methodology/Approach. The Wally Index is defined as the quotient of the Ln (# queries) of a title between the maximum Ln (# queries) of the set of titles evaluated in a defined period of time. The usefulness of this Index was validated from the study of the distribution of titles of six Cuban publishers that include their titles in the academic platform e-Libro.com, during the period September 2016 - August 2017.Results/Discussion. The Wally Index vs. # Titles of Cuban publishers available on e-libro.com were adjusted to the power model, with a Pearson correlation coefficient of R2 = 0.7299, although titles with smaller numbers of queries showed greater dispersion, so that evaluated this index with the collection of the 226 most consulted titles. With this sample, the Wally Index ´normalized vs. ranking of the titles reached the value of the Pearson correlation coefficients R2 = 0.8992 with a logarithmic adjustment.Conclusions. The use of the Wally Index is proposed for the evaluation of the queries of a set of titles, selected under specific criteria, available on Web platforms that provide data on the queries. The index is relative to the collection of titles and is independent of the number of queries.Originality/Value. The Wally Index can be used by any publisher who wants to examine the queries that receive their titles in the web environment.@en",Altmetrics; Altmetria; Libro Electrónico; Indicador de Uso; Editoriales Académicas; Plataforma E-Libro; Electronic Book; Usage Indicator; Academic Editorials; Platform E-Libro; Com,http://www.brapci.inf.br/index.php/res/v/57554,Spanish,"raul gonzalo torricella-morales, ricardo arencibia-jorge",el indice wally una propuesta altmetrica para las editoriales cubanas indexadas en la plataforma e libro com,bibliotecas anales de investigacion cuba,"academic editorials, altmetria, altmetrics, com, editoriales académicas, electronic book, indicador de uso, libro electrónico, plataforma e-libro, platform e-libro, usage indicator"
3,"TRAVIESO-RODRíGUEZ, Crispulo; ARAÚJO, Ronaldo Ferreira de","Indicadores altmétricos y de citación en la producción científica en ScienceOpen: estudio descriptivo para Brasil, España y Portugal",Bibliotecas. Anales de Investigación (Cuba),"n. 2, v. 14, p. 124-137",2018,Artigo,"Objetivo. Describir la presencia de determinados aspectos bibliográficos en artículos de publicaciones brasileñas, españolas y portuguesas, considerando su influencia en sus respectivos valores según indicadores altmétricos y bibliométricos.Diseño/Metodología/Enfoque. Desde un enfoque exploratorio, se analizan los 133 artículos disponibles en ScienceOpen mejor posicionados en el cómputo altmétrico. El análisis se realiza en función de elementos tales como fecha de publicación, autoría y colaboración científica, área de conocimiento, idioma, número de citas y valor de sus indicadores altmétricos. Para estos últimos se toma su puntuación ponderada y las menciones ofrecidas por Altmetric.Resultados/Discusión. Los datos muestran diferencias en función del país respecto a determinadas características, como el número de autores y la lengua, de los artículos mejor posicionados en los rankings altmétricos. Para todo el conjunto, en cuanto al margen temporal prima la publicación reciente a la hora de obtener menciones y comparten un índice considerable de co-autoría y de colaboración institucional. Conclusiones. Las métricas alternativas evalúan la visibilidad y acogida en la web y en redes sociales de los artículos científicos, completando así los datos de citación de esa producción y ampliando el alcance de su impacto más allá de la comunidad científica. Es preciso abordar y conocer el impacto social de la ciencia y qué elementos bibliográficos de su publicación condicionan el mayor o menor grado la popularización de las investigaciones.Originalidad/Valor. Además del hecho de partir de una muestra perteneciente al ámbito iberoamericano, menos representada habitualmente en las bases de datos, se incide en el valor complementario de la medición de las distintas dimensiones de la comunicación científica.@es-ES Objective. To describe evidences of certain bibliographic issues and their influence on altmetrics and bibliometrics indicators, considering a set of Brazilian, Spanish and Portuguese articles.Design/Methodology/Approach. From an exploratory approach, a total of 133 articles, available in ScienceOpen and best-positioned from the altmetrics counts, have been analyzed according to characteristics as publication date, authorship and collaboration, subject area, language, number of citations and, finally, altmetrics values derived from altmetric attention scores and mentions collected by Altmetric.Results/Discussion. Data show differences among countries regarding some issues â€“ for example, number of authors by article, or language of publication - for the best-positioned articles in altmetrics rankings. For the whole sample, it is remarkable that more recent articles obtain more mentions and shared authorship is usual. Â Conclusions. Altmetrics evaluate visibility and reception of academic articles in web and social media, so they enrich citation data and extend the scope of the scientific production beyond the academic community. It is required to study and understand the social impact of science and to identify which elements of the publication process have direct influences over the popularization of scientific research. Originality/Value. Besides of dealing with a sample of Ibero-american articles, usually underrepresented in bibliometric databases, this study emphasizes the complementary role of the different dimensions that have to be taken into account in scientific communication.@en",Altmetrics; Altmetria; Bibliometria; Análisis de Citas; Producción Científica; Bibliometrics; Citation Analysis; Scientific Production; ScienceOpen,http://www.brapci.inf.br/index.php/res/v/58493,Spanish,"crispulo travieso-rodriguez, ronaldo ferreira de araujo",indicadores altmetricos y de citacion en la produccion cientifica en scienceopen estudio descriptivo para brasil espana y portugal,bibliotecas anales de investigacion cuba,"altmetria, altmetrics, análisis de citas, bibliometria, bibliometrics, citation analysis, producción científica, scienceopen, scientific production"
4,"SHINTAKU, Milton; BARCELOS, Janinne; ARAúJO, Ronaldo; BRITO, Ronnie Fagundes",Mega-Periódicos e altmetria: aproximações entre novas formas de publicação e de avaliação de impacto de resultados de pesquisa,Encontros Bibli: Revista Eletrônica de Biblioteconomia e Ciência da Informação,"n. 54, v. 24, p. 52-61",2018,Artigo,"A Internet e os recursos da web têm se constituído ferramentas essenciais para comunicação e disseminação de informações científicas e feito surgir novas formas de publicação e de avaliação do impacto de resultados de pesquisa. Os mega-periódicos (mega-journals) e as métricas alternativas são exemplos dessas novas formas de publicar pesquisas e medir seus impactos. O artigo tem por objetivo analisar a convergência entre os mega-periódicos e a altmetria, de forma a estabelecer as relações entre um canal de disseminação e um conjunto de métricas, ambos surgidos no cenário digital da internet. Trata-se de uma reflexão teórica desenvolvida por meio de uma pesquisa bibliográfica que sistematiza a correlação quanto às características que a envolvem os mega-periódicos (volume de publicação, amplitude temática, revisão por pares flexível, taxa de processamento e limitações dos periódicos tradicionais) e a Altmetria (apoio na seleção dos artigos, revisão pós publicação, medida de impacto , tipos de ferramentas e limitações das métricas tradicionais). A altmetria pode ser a métrica mais adequada para verificar a efetividade dos mega-periódicos, por alinhar-se às principais características desse canal de disseminação.@pt-BR This study aims to analyze the convergence between mega-journals and altmetrics. It is a theoretical reflection based on bibliographical research that systematizes the correlation regarding the characteristics that involve mega-journals (publication volume, thematic range, flexible peer review, processing rate and limitations of the traditional periodicals) and Altmetrics (support in article selection, post publication review, impact measure, tool types, and limitations of traditional metrics). Altmetrics may be the most suitable metric to verify the effectiveness of mega-journals, because it is aligned with the main characteristics of this dissemination channel.@en",Altmetrics; Ciência da Informação; Biblioteconomia; Altmetria; Comunicação Científica; Comunicação Científica e Internet; Mega-Periódico; Scientific Communication; Scientific Communication and Internet; Mega-journals; Information Science; Library Science,http://www.brapci.inf.br/index.php/res/v/107336,Portuguese,"milton shintaku, janinne barcelos, ronaldo araujo, ronnie fagundes brito",mega periodicos e altmetria aproximacoes entre novas formas de publicacao e de avaliacao de impacto de resultados de pesquisa,encontros bibli,"altmetria, altmetrics, biblioteconomia, ciência da informação, comunicação científica, comunicação científica e internet, information science, library science, mega-journals, mega-periódico, scientific communication, scientific communication and internet"
5,"CINTRA, Paulo Roberto; COSTA, Janaina Oliveira Pamplona da",Altmetria: questionamentos ao paradigma vigente para avaliação da produção científica,Informação & Informação,"n. 3, v. 23, p. 160-176",2018,Artigo,"Introdução: A altmetria é um subcampo da Ciência da Informação, em que se utilizam métricas alternativas como medida complementar para avaliação da produção científica, que atualmente se baseia quase que exclusivamente em indicadores construídos a partir do número de citações que um artigo recebe.Objetivo: Refletir acerca das mudanças que a altmetria pode trazer ao paradigma vigente dos estudos métricos.Metodologia: Revisão bibliográfica fundamentada principalmente nos conceitos de paradigma científico propostos pelo filósofo da ciência Thomas Kuhn.Resultados: A análise de citações é considerada como procedimento predominante para a atual avaliação da produção científica e, portanto, interpretada como parte do paradigma vigente. São apresentadas as principais críticas a essa metodologia e discute-se se a emergência da altmetria como resposta a essas anomalias poderia representar o surgimento de um novo paradigma.Conclusões: A altmetria está passando por um período pré-paradigmático e que, por isso, ainda não é possível afirmar se as métricas alternativas serão incorporadas ao paradigma atual ou se formarão um novo paradigma. @pt-BR",Ciência da Informação; Biblioteconomia; Método Quantitativo; Altmetria; Paradigma; Avaliação; Produção Científica,http://www.brapci.inf.br/index.php/res/v/108367,Portuguese,"paulo roberto cintra, janaina oliveira pamplona da costa",altmetria questionamentos ao paradigma vigente para avaliacao da producao cientifica,informacao informacao,"altmetria, avaliação, biblioteconomia, ciência da informação, método quantitativo, paradigma, produção científica"
12,"RIBEIRO, Danielly dos Santos",Ferramentas de métricas alternativas para livros,Revista Brasileira de Biblioteconomia e Documentação,"n. 2, v. 14, p. 130-142",2018,Artigo,"As métricas alternativas utilizam medidas do impacto acadêmico com base nas atividades e ferramentas online. A Altmetria ocorre mediante o uso de plataformas que desempenham a função de agregar indicadores tradicionais e alternativos, a fim de monitorar a interação do usuário com a pesquisa. A ferramenta Altmetric Badges for Books surge com intuito de avaliar a produção científica em livros. O presente estudo visa apresentar conceitos básicos sobre as métricas alternativas, apontar algumas plataformas que utilizam altmetrics e descrever as funcionalidades das ferramentas de métricas alternativas para livro.@pt-BR",Avaliação da Produção Científica; Altmetrics; Métrica Alternativa para Livro,http://www.brapci.inf.br/index.php/res/v/5150,Portuguese,danielly dos santos ribeiro,ferramentas de metricas alternativas para livros,revista brasileira de biblioteconomia e documentacao,"altmetrics, avaliação da produção científica, métrica alternativa para livro"
13,"ARAÚJO, Ronaldo Ferreira de",Estudos métricos da informação na web e o papel dos profissionais da informação,"Bibliotecas Universitárias: pesquisas, experiências e perspectivas",v. 2,2015,Artigo,"Aborda os estudos métricos aplicados à web e reflete sobre seu uso em ambientes de interação como sites de redes sociais. Destaca os conceitos de webometria, cibermetria e altmetria, traçando as diferenças entre seus métodos, aplicações e suas interfaces com os campos da bibliometria e a cientometria. Considera a abordagem cibermétrica de maior abrangência e mais adequada para estudos quantitativos em blogs e sites de redes sociais e situa a altmetria como emergente campo de estudos para análise da circulação da informação científica na websocial que tem muito a crescer com o envolvimento dos profissionais da informação atuando na geração e monitoramento de dados e no apoio a pesquisadores e instituições de pesquisa.@pt-BR",,http://www.brapci.inf.br/index.php/res/v/17094,Portuguese,ronaldo ferreira de araujo,estudos metricos da informacao na web e o papel dos profissionais da informacao,bibliotecas universitarias,
14,"ARAÚJO, Ronaldo Ferreira de; MURAKAMI, Tiago Rodrigo Marçal; PRADO, Jorge Moisés Kroll",A repercussão de artigos de periódicos brasileiros da ciência da informação no Facebook: um estudo altmétrico,Revista Digital de Biblioteconomia & Ciência da Informação,"n. 2, v. 16, p. 365-379",2018,Artigo,"Reflete sobre as interações do Facebook enquanto elementos de atenção online e fonte de dados altmétricos, e dialoga as reflexões com uma análise empírica que considerou a repercussão de artigos de periódicos da Ciência da Informação indexados no Repertório da Produção Periódica Brasileira de Ciência da Informação (RPPBCI). A coleta de dados altmétricos foi realizada por meio da utilização de Application Program Interface do Facebook parametrizada pela URL principal e secundária de artigos de 31 periódicos. A repercussão dos artigos indica uma atenção online com 13.633 interações, sendo 8.840 de ?curtidas?, 2.992 de ?compartilhamentos? e 1.801 de ?comentários?. A revista Perspectivas em Ciência da informação possui o maior destaque com 13,4% da atenção recebida e artigos recentes obtiveram pontuação mais elevada. Conclui-se que interações com conteúdo de artigos científicos no Facebook são ricas fontes de dados altmétricos e merecem maior atenção por parte de estudiosos desse campo, elas podem ser benéficas como uma métrica agregada porque fornece uma visão adicional sobre o desempenho científico dos artigos quando curtidos, compartilhados ou comentados.@pt-BR Refleja sobre las interaciones del Facebook mientra elementos de atención en línea y fuente de datos altmétricos, y dialoga las reflexiones con un análisis empírico que consideró la repercusión de artículos de periódicos de la Ciencia de la Información indexados en el Repertorio de la Producción Periódica Brasileña de Ciencia de la Información (RPPBCI). La recolección de datos altmétricos fue realizada por medio de la utilización de Application Program Interface del Facebook parametrizada por la URL principal y secundaria de artículos de 31 periódicos. La repercusión de los artículos indica una atención en línea con 13.633 interacciones, siendo 8.840 ?me gusta?, 2.992 veces se ha compartido y 1.801 comentarios. La revista Perspectivas em Ciência da Informação posee el mayor destaque con el 13,4% de la atención recibida y artículos recientes obtuvieron puntuación más elevada. Se concluye que las interaciones con contenido de artículos científicos en Facebook son ricas fuentes de datos altmétricos y merecen mayor atención por parte de estudiosos de ese campo, ellas pueden ser benéficas como una métrica agregada porque proporciona una visión adicional sobre el desempeño científico de los artículos cuando son curtidos, compartidos o comentados.@es-ES This article reflects on the Facebook@en",Altmetrics; Facebook; Biblioteconomia; Ciencia de la Información; Ciência da Informação; Altmetria; Atenção Online; Altimetría; Atención en Línea; Librarianship; Information Science; Online Attention,http://www.brapci.inf.br/index.php/res/v/40044,Portuguese,"ronaldo ferreira de araujo, tiago rodrigo marcal murakami, jorge moises kroll prado",a repercussao de artigos de periodicos brasileiros da ciencia da informacao no facebook um estudo altmetrico,revista digital de biblioteconomia ciencia da informacao,"altimetría, altmetria, altmetrics, atención en línea, atenção online, biblioteconomia, ciencia de la información, ciência da informação, facebook, information science, librarianship, online attention"
17,"GOUVEIA, Fabio Castro",Altmetria: métricas de produção científica para além das citações ? Altmetrics: scientific production metrics beyond citations,Liinc em revista,"n. 1, v. 9",2013,Artigo,"Resumo Métricas baseadas em citações têm sido historicamente utilizadas para avaliação da produção científica. Entretanto, diante da revolução da Web 2.0 surge uma Cientometria 2.0, que busca celeridade na percepção do impacto das publicações científicas, bem como de campos emergentes e estratégicos. Neste contexto se inserem os estudos com métricas alternativas (altmétricas) que tem o potencial de aprimorar o entendimento das dinâmicas de citação, levando em consideração o contexto e o papel das diferentes publicações na academia. Neste artigo apresentamos uma discussão sobre o campo da ?altmetria? propondo sua definição como uso de dados webométricos e cibermétricos em estudos cientométricos.Palavras-chave Altmetria, Cibermetria, Webometria, Cientometria, Bibliometria.Abstract Citations based metrics have historically been used to evaluate scientific production. However, before the revolution of Web 2.0 arises Scientometrics 2.0, which seeks to expedite the perception of the impact of scientific publications, as well as strategic and emerging fields. In this context fall within studies with alternative metrics (altmetrics) that has the potential to enhance the understanding of the citation dynamics, taking into account the context and the scholarly role of different publications. This article presents a discussion on the field of ?altmetrics? proposing its definition as webometrics and cybermetrics data usage in scientometric studies.Keywords Altmetrics, Cybermetrics, Webometrics, Scientometrics, Bibliometrics@pt-BR",Altmetria; Cibermetria; Webometria; Cientometria; Bibliometria,http://www.brapci.inf.br/index.php/res/v/94025,Portuguese,fabio castro gouveia,altmetria metricas de producao cientifica para alem das citacoes altmetrics scientific production metrics beyond citations,liinc em revista,"altmetria, bibliometria, cibermetria, cientometria, webometria"
18,"BORBA, Vildeane da Rocha; MARINHO, Andrea Carla de Melo; CAREGNATO, Sônia Elisa",Análise do termo ?Repositório Institucional? no Twitter: um estudo altmétrico,Em Questão,"v. 23, p. 290-308",2017,Artigo,"Apresenta uma análise altmétrica do termo ?Repositório Institucional? no Twitter no período de 2009 a 2015. O estudo é de caráter qualiquantitativo, do tipo descritivo e utilizou a altmetria buscando-se auferir as postagens relacionadas ao termo, bem como realizar uma análise de conteúdo das mesmas, a fim de identificar as relações estabelecidas entre o termo e assuntos associados. Os resultados mostraram que as primeiras publicações sobre o termo Repositório Institucional em língua portuguesa no Twitter aparecem em 2009, sendo que a maior quantidade de tweets sobre o tema aconteceu em 2013. Destacou-se a prevalência da categoria ?Citações sociais? e ?Divulgação de Repositório Institucional?, que, na maioria das vezes, menciona a implantação de Repositórios. Nas postagens referentes às citações sociais destaca-se a menção a ?Livros? e ?Artigo de revista?, evidenciando o Repositório da UFBA, que disponibilizou o maior número de livros publicados pela Editora da Instituição. A hashtag mais encontrada foi #opendoar, que é o diretório oficial de repositórios acadêmicos de acesso a erto, desenvolvido pela Universidade de Nottingham, no Reino Unido. Por fim, consideram-se os estudos altmétricos como uma possibilidade de análise das relações entre as mídias sociais e a produção científica, bem como uma alternativa de divulgação e/ou compartilhamento dessas informações entre os pesquisadores e interessados.@pt-BR It presents an altmetric analysis of the term â€œInstitutional Repositoryâ€ on Twitter in the period from 2009 to 2015. The study is qualitative and quantitative, descriptive in nature, and used altmetrics to show posts related to the term and the content analysis thereof in order to identify the relationships established between the term and associated issues. The results showed that the first publications about the Institutional Repository term in Portuguese on Twitter appeared in 2009, and the highest number of tweets on the subject took place in . It highlighted the prevalence of the category â€œsocial citationsâ€Â and â€œInstitutional Repository Disclosureâ€, which most often mentions the implementation of Repositories. In posts related to social citation there is mention of â€œBooksâ€ and â€œJournal articleâ€, a reference to the repository of UFBA, which provided the largest number of books published by the Publishing House of the Institution. The most frequent hashtag was #opendoar, which is the official directory of academic open access repositories, developed by the University of Nottingham, in the UK. Finally, altmetric studies are considered a possibility of analysis of the relationship between social media and the scientific production and an alternative to disseminate and/or share such information among researchers and stakeholders.@en",Ciëncia Social Aplicada; Ciência da Informação; Altmetria; Métrica Alternativa; Comunicação Científica; Repositório Institucional; Altmetrics; Twitter; Alternative Metrics; Scientific Communication; Institutional Repository,http://www.brapci.inf.br/index.php/res/v/8710,Portuguese,"vildeane da rocha borba, andrea carla de melo marinho, sonia elisa caregnato",analise do termo repositorio institucional no twitter um estudo altmetrico,em questao,"alternative metrics, altmetria, altmetrics, ciência da informação, ciëncia social aplicada, comunicação científica, institutional repository, métrica alternativa, repositório institucional, scientific communication, twitter"
19,"ARAÚJO, Ronaldo Ferreira de",Mídias sociais e comunicação científica: análise altmétrica em artigos de periódicos da ciência da informação,Em Questão,"n. 1, v. 21, p. 96-109",2015,Artigo,"Este estudo discorre brevemente sobre as mídias sociais e a comunicação científica, situando o emergente campo da altmetria para análise dessa relação. Apresentam-se aqui os resultados de uma pesquisa exploratória que teve por objetivo a análise de métricas alternativas para 125 artigos de periódicos da Ciência da Informação Qualis A. No uso da ferramenta altmetric.com, 36% dos artigos retornaram dados altmétricos. Dentre as revistas, dá-se destaque para a Ciência da Informação, com 21 artigos e 297 dados altmétricos. Quanto às mídias, 92,43% dos dados vieram do Mendeley, contra 7,57% do Twitter, e nenhum registro do Facebook. Considera-se que a falta de padronização das revistas pode ser um dos fatores do reduzido quantitativo de artigos encontrado, e que parametrizações de Application Programming Interface ? APIs de mídias como Facebook e Twitter ? podem ser o caminho para contornar esse baixo desempenho. Os dados altmétricos indicam a atenção que os artigos recebem logo após a publicação e podem ser indícios de citações futuras.@pt-BR This study elaborates on the relationship between social media and communication science, setting the emerging field of altmetris for the analysis of this relationship. The study presents the results of a research project that aimed to analyse alternative metrics to 125 articles of Brazilian Information Science journals. Through Altmetric.com, 45 of the 125 items returned altmetrics data. The journal Ciência da Informação obtained better results than the others, with 21 articles and 297 altmetrics data. In regards to social media, around 92,43% of the data collected was taken from Mendeley?s library, while 7,57% of the mentions were from Twitter, and no data was recovered from Facebook. We consider that the lack of standardization for magazines can be a factor in the reduced quantity of articles found, and the parameterization of Application Programming Interface of social media such as Facebook and Twitter can be the answer to overcome this low number for the recovered data. The altmetric data indicates the attention that the articles receive on socialweb shortly after their publication and may be a suggestion of future citations.@en",Ciência da Informação; Mídia Social; Comunicação Científica; Altmetria; Altmetrics; Social Media; Scientific Communication,http://www.brapci.inf.br/index.php/res/v/12013,Portuguese,ronaldo ferreira de araujo,midias sociais e comunicacao cientifica analise altmetrica em artigos de periodicos da ciencia da informacao,em questao,"altmetria, altmetrics, ciência da informação, comunicação científica, mídia social, scientific communication, social media"
21,"SANTOS, Paula Wivianne Quirino dos; ALBUQUERQUE, João Pedro Silva",Altmetria: Uma nova lente para os estudos métricos da informação,Biblionline,"n. 3, v. 13, p. 3-12",2017,Artigo,A partir do conceito de informação e ciclo da informação proposto por Le Coadic (1994) é realizada a fundamentação acerca da importância dos Estudos Métricos da Informação (EMI?S) para o processo de comunicação científica. Posteriormente é realizada a discussão de como o desenvolvimento da comunicação científica e o surgimento e evolução da internet levam os Estudos Métricos da Informação da Bilbliometria até a Altmetria. Por fim é debatida a inserção da Altmetria como campo para os EMI?S e o valor que ela apresenta para esta área.@pt-BR,,http://www.brapci.inf.br/index.php/res/v/16608,Portuguese,"paula wivianne quirino dos santos, joao pedro silva albuquerque",altmetria uma nova lente para os estudos metricos da informacao,biblionline,
22,"ARAÚJO, Ronaldo Ferreira de",Marketing científico digital e métricas alternativas para periódicos: da visibilidade ao engajamento,Perspectivas em Ciência da Informação,"n. 3, v. 20, p. 67-84",2015,Artigo,"O artigo reflete sobre o papel do marketing científico digital no aumento da visibilidade dos periódicos científicos bem como do acompanhamento e avaliação do seu impacto social por meio da altmetria. Para tanto apresenta esse tipo de marketing como forma de promoção e divulgação dos periódicos para os quais seus editores devem: construir e manter uma presença online; oferecer um conteúdo adequado aos ambientes que atuar, e; estabelecer uma atuação responsiva. Discorre sobre os principais indicadores do marketing científico digital e por fim, situa a altmetria como método para coleta e análise de tais indicadores com atenção ao custo e padrões exigidos pelos periódicos.@pt-BR",Ciência da Informação; Biblioteconomia; Comunicação Científica; Marketing Científico Digital; Altmetria; Visibilidade de Periódico,http://www.brapci.inf.br/index.php/res/v/38601,Portuguese,ronaldo ferreira de araujo,marketing cientifico digital e metricas alternativas para periodicos da visibilidade ao engajamento,perspectivas em ciencia da informacao,"altmetria, biblioteconomia, ciência da informação, comunicação científica, marketing científico digital, visibilidade de periódico"
24,"SANTOS, Fernanda Bochi; ALVAREZ, Gonzalo Rubén; GABRIEL JUNIOR, Rene Faustino; MOURA, Ana Maria Mielniczuk",Altmetria no Brasil: estudo de citação e cocitação na base de dados BRAPCI,Prisma.com (Portugual),"n. 36, p. 116-131",2018,Artigo,"O presente artigo aborda a influência dos autores nacionais e internacionais na literatura científica brasileira na temática ?altmetria?, através de análise de citação e cocitação das publicações indexadas na Base de Dados Referenciais de Artigos de Periódicos em Ciência da Informação (BRAPCI). Com base em indicadores bibliométricos, a pesquisa analisou 14 artigos com 112 referências e 92 autores citados. Os resultados sugerem (1) predomínio dos pesquisadores americanos e europeus na rede de coautoria das obras citadas e na rede de cocitação dos autores citados, (2) baixa presença de pesquisadores nacionais no ranking de autores mais citados, (3) proximidade temática significativa na rede de cocitação advinda de coautorias e ligações conceituais entre autores nacionais e internacionais citados, com destaque para J. Priem (95% das cocitações possíveis). Conclui que a pesquisa brasileira em altmetria indexada na BRAPCI é influenciada, majoritariamente, pelas correntes teóricas e metodológicas de autores internacionais pioneiros no estudo das métricas alternativas.Palavras-chave: Comunicação Científica, Estudos Métricos, Análise de Citação e Cocitação, Altmetria.@pt-PT",,http://www.brapci.inf.br/index.php/res/v/73005,Portuguese,"fernanda bochi santos, gonzalo ruben alvarez, rene faustino gabriel junior, ana maria mielniczuk moura",altmetria no brasil estudo de citacao e cocitacao na base de dados brapci,prisma com portugual,
29,"ARAÚJO, Ronaldo Ferreira de; ALVES, Marcelo",Indicadores altmétricos da produção de pesquisadores brasileiros: análise dos bolsistas de produtividade do CNPq,Revista Ibero-Americana de Ciência da Informação,"n. 3, v. 12 No 3, p. 850-862",2019,Artigo,"O presente trabalho analisa o desempenho altmétrico de publicações brasileiras cujos autores recebam bolsas de produtividade em pesquisa (PQ) concedidas pelo Conselho Nacional de Desenvolvimento Científico e Tecnológico (CNPq). Foram considerados para o universo da pesquisa os pesquisadores cujas bolsas de PQ estavam vigentes em outubro de 2017 (n = 14.609). A produção científica registrada no Currículo Lattes desses autores foi coletada pelo GetLattesData, pacote da linguagem R, e filtrada por artigos de periódicos acadêmicos publicados entre 2016 e outubro de 2017 que possuíssem o Digital Object Identifier (n = 99064). Os dados de atenção online foram analisados segundo sua distribuição por densidade e variação; idioma de publicação e área de conhecimento dos artigos. O desempenho médio por tipo de fonte dos dados altmétricos também foi avaliado. A maior parte dos artigos não apresentou indicadores de atenção online e bem poucos revelaram índices elevados. O melhor desempenho na atenção online foi verificado nas publicações em inglês das áreas de Ciências da Saúde e Ciências Biológicas, com destaque para o Mendeley e Twitter como fontes do maior número de menções.@pt-BR El presente trabajo analiza el desempeño altmétrico de publicaciones brasileñas cuyos autores reciben becas de productividad en investigación (PQ) concedidas por el Consejo Nacional de Desarrollo Científico y Tecnológico (CNPq). Se consideraron para el universo de la investigación los investigadores cuyas bolsas de PQ estaban vigentes en octubre de 2017 (n = 14.609). La producción científica registrada en el Currículo Lattes de estos autores fue recolectada por el GetLattesData, paquete del lenguaje R, y filtrada por artículos de revistas académicas publicadas entre 2016 y octubre de 2017 que poseía el Digital Object Identifier (n = 99064). Los datos de atención en línea se analizaron según su distribución por densidad y variación; idioma de publicación y área de conocimiento de los artículos. El rendimiento promedio por tipo de fuente de los datos de la altmetría también fue evaluado. La mayor parte de los artículos no presentó indicadores de atención en línea y muy pocos revelaron índices elevados. El mejor desempeño en la atención en línea fue verificado en las publicaciones en inglés de las áreas de Ciencias de la Salud y Ciencias Biológicas, con destaque para Mendeley y Twitter como fuentes del mayor número de menciones.@es-ES This paper aims to analyses the altmetric performance of Brazilian publications authored by researchers who are holders of productivity scholarship (PQ) of the National Council of Scientific and Technological Development (CNPq). The scope of this research assesses the PQs in activity on October, 2017 (n = 14.609). The collection of scientific production registered on Lattes was conducted via GetLattesData and filtered by articles from academic journals published between 2016 and October 2017 that hold the Digital Object Identifier (n = 99064). The online attention data are analyzed according to their distribution by density and variation; language of the publication and field of knowledge; and by average performance of the type of source that has provided its altmetric values. The result show long tail behavior of the altmetric score, with most part of the articles with no online attention, while few articles have a high index. The average of the online attention indicates a better performance of articles written in English and belonging to the Health and Biological Sciences field of knowledge. As for the sources, there was a good performance from Mendeley followed by Twitter.@en",,http://www.brapci.inf.br/index.php/res/v/121938,Portuguese,"ronaldo ferreira de araujo, marcelo alves",indicadores altmetricos da producao de pesquisadores brasileiros analise dos bolsistas de produtividade do cnpq,revista ibero americana de ciencia da informacao,
30,"ARAÚJO, Ronaldo Ferreira de",Da altmetria à análise de citações: uma análise da revista Datagramazero,DataGramaZero,"n. 1, v. 16",2015,Artigo,"O artigo reflete sobre os impactos e possíveis relações entre dados altmétricos e citações e contribui com a discussão tendo como análise empírica a Revista DataGramaZero. Os dados altmétricos foram levantados por meio de parametrizações de APIs (Facebook e Twitter); e para a coleta das citações recorreu-se ao Publish or Perish com dados do Google.Scholar. O universo de 441 artigos forneceu para a análise 1.164 dados altmétricos e 1.932 citações. Identificou-se que 47,85% dos artigos receberam 1 ou mais menções e que 36,73% deles obtiveram 1 ou mais citações. Artigos antigos possuem maior índice de citações e artigos recentes possuem mais dados altmétricos. Não se pode afirmar haver uma relação direta e proporcional entre as métricas, mas foi verificado que os artigos com dados altmétricos concentram 61,34% do total das citações recebidas@pt-BR This paper reflects about the impacts and possible relationships between altmetrics data and traditional citations. Presents an empirical analysis of the Information Science DataGramaZero Journal. The altmetrics data were collected by parameterization of APIs (Facebook and Twitter); and to collect the citations the Publish or Perish with data Google.Scholar was used. The universe of 441 articles provided for analysis 1,164 altmetrics data and 1,932 citations. The results shows 47.85% of the articles received one or more mentions and 36.73% of them have one or more citation. Old articles have higher citation index and recent articles have more altmetrics data. The relationship between this metrics is not direct and proportional, but articles with altmetrics data concentrate 61.34% of the total citations received.@en",Altmetrics; Altmetria; Citação; Comunicação Científica; Citation; Scholarly Communication; Revista DataGramaZero,http://www.brapci.inf.br/index.php/res/v/8103,Portuguese,ronaldo ferreira de araujo,da altmetria a analise de citacoes uma analise da revista datagramazero,datagramazero,"altmetria, altmetrics, citation, citação, comunicação científica, revista datagramazero, scholarly communication"
31,"ARAÚJO, Ronaldo Ferreira de; CARAN, Gustavo Miranda; SOUZA, Iara Vidal Pereira de",Orientação temática e coeficiente de correlação para análise comparativa entre dados altmétricos e citações: uma análise da revista DataGramaZero,Em Questão,"n. 3, v. 22, p. 184-200",2016,Artigo,"Este trabalho propõe a verificação da relação entre a altmetria e os estudos tradicionais de citação por meio de uma orientação temática como traço identificador dos trabalhos que analisa, bem como no emprego do Coeficiente de Correlação de Pearson (CCP). Para tanto, categoriza-se 441 artigos da Revista DataGramaZero segundo uma taxonomia que dispõe de dez temáticas de pesquisa para a ciência da informação, comparando as citações desses artigos com seus dados altmétricos com objetivo de qualificar a correlação entre esses dois conjuntos de dados. Houve destaque para a categoria: ?aspectos teóricos e gerais da ciência da informação? tanto com mais artigos citados quanto em maior índice de atenção online. Verificou-se, dentre outros aspectos, que há uma correlação forte e diretamente proporcional (P1 = 0,8018) entre as variáveis de tempo de publicação e número de citações, e uma correlação forte, porém inversamente proporcional (P2 = -0,7068), entre as variáveis de tempo de publicação e número de menções altmétricas; bem como uma baixa correlação entre o número de menções e o número de citações por artigo. Ao serem calculados os coeficientes das médias ponderadas das duas variáveis por categoria temática, a correlação tornou-se moderada (P = 0,65). A discussão dos resultados foi ao encontro de pesquisas anteriores, e reforçam as potencialidades no emprego do CCP para estudos métricos da Ciência da Informação.@pt-BR The paper intends to verify the relationship between altmetrics and citation analysis using thematic orientation as a trace identifier for the works analysed, as well as Pearson´s correlation coefficient. Therefore 441 articles from the journal DataGramaZero were categorized by a taxonomy featuring ten Information Science research themes. The category ""Theoretical and general aspects of information science"" was highlighted with more articles cited and a greater attention online. It was perceived that the two variables tend to behave similarly in relation to the time of publication, however, a low correlation between the number of mention and the number of citations for each article was noted. When the coefficients of the two variables weighted averages were calculated for thematic orientations, the correlation became moderate (P = 0,65). The results were similar to previous findings in the literature, reinforcing the potential of the Pearson´s correlation coefficient for metric studies in information science.@en",Altmetrics; Ciëncia Social Aplicada; Ciência da Informação; Altmetria; Citação; Coeficiente de Correlação; Citation; Correlation Coefficient,http://www.brapci.inf.br/index.php/res/v/11888,Portuguese,"ronaldo ferreira de araujo, gustavo miranda caran, iara vidal pereira de souza",orientacao tematica e coeficiente de correlacao para analise comparativa entre dados altmetricos e citacoes uma analise da revista datagramazero,em questao,"altmetria, altmetrics, citation, citação, ciência da informação, ciëncia social aplicada, coeficiente de correlação, correlation coefficient"
32,"CINTRA, Paulo Roberto; FURNIVAL, Ariadne Chloe; MILANEZ, Douglas Henrique",Vantagens de citação do acesso aberto em periódicos selecionados da Ciência da Informação: uma análise ampliada aos indicadores altmétricos,Informação & Informação,"n. 1, v. 22, p. 129-149",2017,Artigo,"Introdução: O acesso aberto diz respeito à literatura científica disponibilizada a qualquer usuário sem custos e livre das restrições de copyright e de licenciamento para seu reuso. Espera-se, de acordo com a hipótese do Open Access Citation Advantage, um aumento no número total de citações recebidas pelo artigos disponibilizados em acesso aberto com relação àqueles em acesso restrito.Objetivo: Analisar as possíveis vantagens de citações e menções na web social que o acesso aberto pode oferecer à área da Ciência da Informação.Metodologia: Foram analisados indicadores altmétricos e bibliométricos de citação de dois periódicos científicos: Journal of the American Society for Information Science e Scientometrics. A coleta dos dados foi realizada na Web of Science, Google Acadêmico, Altmetric.com e Mendeley.Resultados: Os resultados indicaram que o acesso aberto oferece vantagem quanto ao número de citações e de menções na web social recebidas pelos artigos em ambos as revistas. Verificou-se também que essa vantagem se mantém ao longo dos anos.Conclusões: A investigação confirma a hipótese do Open Access Citation Advantage para os periódicos selecionados da área da Ciência da Informação e demonstra que essa vantagem se estende aos dados altmétricos.@pt-BR",Ciência da Informação; Biblioteconomia; Método Quantitativo; Bibliometria; Acesso Aberto; Periódico; Altmetria,http://www.brapci.inf.br/index.php/res/v/34362,Portuguese,"paulo roberto cintra, ariadne chloe furnival, douglas henrique milanez",vantagens de citacao do acesso aberto em periodicos selecionados da ciencia da informacao uma analise ampliada aos indicadores altmetricos,informacao informacao,"acesso aberto, altmetria, bibliometria, biblioteconomia, ciência da informação, método quantitativo, periódico"
36,"SOUZA, Iara Vidal Pereira de",ALTMETRIA: ESTADO DA ARTE,Tendências da Pesquisa Brasileira em Ciência da Informação,"n. 2, v. 7",2014,Artigo,"Este trabalho apresenta resultados de dissertação de mestrado que teve como objetivo traçar o estado da arte da altmetria. A altmetria (tradução do inglês altmetrics, contração de alternative metrics ? métricas alternativas) é uma área recente dos estudos métricos da informação científica que se ocupa do estudo, da criação e do uso de indicadores relacionados à disseminação de publicações científicas e outros produtos de pesquisa na Web Social ? visualizações, downloads, citações, reutilizações, compartilhamentos, etiquetagens, comentários, entre outros. A partir de pesquisa bibliográfica exploratória em fontes nacionais e internacionais, levantamos a produção científica sobre altmetria publicada até 2013, identificando atores envolvidos na produção de conhecimento na área, analisando as propostas e tendências dos estudos sobre o tema e refletindo sobre a viabilidade das métricas alternativas como ferramentas para análise e avaliação da comunicação científica. Constatamos que a altmetria é uma área de estudos em expansão, com o potencial de complementar os estudos métricos tradicionais e contribuir para o entendimento mais completo da comunicação científica, seus atores, seus processos, seus produtos e seus impactos.@pt-BR",,http://www.brapci.inf.br/index.php/res/v/119536,Portuguese,iara vidal pereira de souza,altmetria estado da arte,tendencias da pesquisa brasileira em ciencia da informacao,
37,"BORBA, Vildeane da Rocha; ALVAREZ, Gonzalo Rubén; CAREGNATO, Sônia Elisa",Análise Altmétrica da Produção Científica das Revistas brasileiras em Ciência da Informação Qualis A1 (2011-2017) no Mendeley,Encontros Bibli: Revista Eletrônica de Biblioteconomia e Ciência da Informação,"n. 55, v. 24, p. 1-20",2019,Artigo,"Objetivo: Analisa a atenção online no Mendeley recebida pelas revistas brasileiras em Ciência da Informação Qualis A1 publicadas no período de 2011-2017. Método: De caráter quali-quantitativo e exploratório, utilizou a altmetria para análise dos dados. Resultado: A pesquisa mostrou que 71,0% das publicações foram marcadas no Mendeley por pelo menos um usuário: Transinformação (78,0%), Perspectivas em Ciência da Informação (71,0%) e Informação & Sociedade (67,0%). Em análise das marcações por perfil ocupacional dos usuários no Mendeley, destacam-se estudantes de mestrado (22,0%), doutorado (20,0%) e graduação (16,0%). Na sua maioria, os usuários que marcam itens são de nacionalidade brasileira (63,0%), mas há também marcadores do continente europeu: Portugal (10,0%) e Espanha (6,0%) e sul-americano: Colômbia (8,0%). Conclusões: Conclui que o Mendeley tem demonstrado ser uma importante mídia social para a altmetria e para a avaliação da atenção online de publicações científicas.@pt-BR Objective: It analyzes the online attention received in Mendeley by Brazilian journals in Information Science Qualis A1 published in the period of 2011-2017.Methods: Of qualitative-quantitative and exploratory character, it applied altmetrics for data analysis.Results: The survey showed that 71.0% of the publications were marked in the Mendeley by at least one user: Transinformação (78.0%), Perspectivas em Ciência da Informação (71.0%) and Informação & Sociedade (67.0%). In the analysis of the markings by occupational profile of the users in Mendeley, masters (22.0%), doctorate (20.0%) and graduate students (16.0%) stand out. Most users are of Brazilian nationality (63.0%), but there are also markers on the European continent: Portugal (10.0%) and Spain (6.0%) and South America: Colombia (8.0%).Conclusions: Concludes that, Mendeley has proven to be an important social media for the altmetrics and evaluating online attention.@en",Ciência da Informação; Biblioteconomia; Altmetrics; Mendeley; Altmetria; Periódico Científico; Atenção Online; Scientific Journals; Online Attention,http://www.brapci.inf.br/index.php/res/v/113859,Portuguese,"vildeane da rocha borba, gonzalo ruben alvarez, sonia elisa caregnato",analise altmetrica da producao cientifica das revistas brasileiras em ciencia da informacao qualis a1 2011 2017 no mendeley,encontros bibli,"altmetria, altmetrics, atenção online, biblioteconomia, ciência da informação, mendeley, online attention, periódico científico, scientific journals"
42,"MANHIQUE, Ilídio Lobato Ernesto; RODRIGUES, Fernando de Assis; SANTANA, Ricardo César Gonçalves; CASARIN, Helen Castro Silva",Indicadores altmétricos em periódicos brasileiros da Ciência da Informação,Revista Ibero-Americana de Ciência da Informação,"n. 2, v. 12 No 2, p. 515-532",2019,Artigo,"O crescente volume informacional impulsionado pelo desenvolvimento das Tecnologias de Informação e Comunicação ampliou o foco sobre a busca por visibilidade de publicações no campo científico, elevando o grau de relevância de questões como a do reconhecimento acadêmico de pesquisadores, resultando no questionamento de medidas tradicionais de avaliação de impacto acadêmico. Este estudo tem como objetivo identificar a visibilidade de parte da produção científica brasileira da Ciência da Informação, a partir dos periódicos indexados na BRAPCI ? Base de Dados Referenciais de Artigos de Periódicos em Ciência da Informação, com o uso de dados de indicadores altmétricos de serviços de Redes Sociais Online e bases de dados vinculadas a websites de gerenciamento de referências. Constatou-se que os dados altmétricos ainda possuem baixa aderência no contexto dos periódicos brasileiros relacionados com a Ciência da Informação. Entre os fatores envolvidos destaca-se a inexistência de identificadores em aproximadamente oitenta por cento dos periódicos indexados pela BRAPCI e a baixa identificação de menções às publicações nos serviços de Redes Sociais Online. Conclui-se que estas métricas alternativas para complementar as métricas tradicionais ainda necessitam de aprofundamento teórico e destaca-se, como requisito, a necessidade de instrumentalização técnica por parte dos editores.@pt-BR El creciente volumen informacional impulsado por el desarrollo de las Tecnologías de Información y Comunicación amplió el foco sobre la búsqueda de visibilidad de publicaciones en el campo científico, elevando el grado de relevancia de aspectos como do reconocimiento académico de investigadores, resultando en el cuestionamiento de las medidas tradicionales de evaluación de impacto académico. Lo objecto de este estudio és identificar la visibilidad de parte de la producción científica brasileña de Ciencia de la Información, a partir de las revistas científicas clasificado en la BRAPCI - Base de Datos Referenciales de Artículos de Revistas de la Ciencia de la Información, con el uso de datos de indicadores altmétricos de servicios de redes sociales en línea y bases de datos vinculadas a sitios web de gestión de referencias. Se constató que los datos altmétricos aún tienen baja adherencia en el contexto de las revistas científicas brasileñas relacionadas con la Ciencia de la Información. Entre los factores envueltos se destaca la inexistencia de identificadores en aproximadamente el ochenta por ciento de las revistas científicas indexadas por la BRAPCI y la baja identificación de menciones en publicaciones en los servicios de redes sociales en línea. Se concluye que estas métricas alternativas para complementar las tradicionales necesitan de profundización teórica y se destaca, como requisito, la necesidad de instrumentalización técnica por parte de los editores.@es-ES The growing informational volume boosted by the development of Information and Communication Technologies has increased the focus on the seek for visibility of publications in the scientific field, raising the degree of relevance of the academic recognition by researchers, resulting in questions about the perception of the traditional measures of evaluation of the academic impact. The goal of this study is to identify the visibility of the Brazilian scientific production of Information Science area, from the periodicals indexed in BRAPCI â€“ Referral Database of Journals Papers in Information Science, with the use of data of altmetric indicators from Online Social Networking services and databases related with reference management websites. The results show that the altmetric data still have a low level of adherence in the Brazilian journals context related to Information Science. Among the factors involved, stand out the lack of identifiers in approximately eighty percent of the journals indexed by BRAPCI and the low level of mentions on publications into the Online Social Networks services. It is concluded that these alternative metrics to complement the traditional metrics still need to be more explored theoretically and, as a requirement, technically through an implement process by publishers.@en",,http://www.brapci.inf.br/index.php/res/v/111989,Portuguese,"ilidio lobato ernesto manhique, fernando de assis rodrigues, ricardo cesar goncalves santana, helen castro silva casarin",indicadores altmetricos em periodicos brasileiros da ciencia da informacao,revista ibero americana de ciencia da informacao,
43,"CARVALHO, Ana Maria Ferreira; GOUVEIA, Fabio Castro",Repositórios institucionais de acesso aberto: adequação às novas métricas da web,"Revista Eletrônica de Comunicação, Informação e Inovação em Saúde",v. 11,2017,Artigo,"Repositórios institucionais de acesso aberto são elementos essenciais no sistema de comunicação científica da atualidade. Observa-se crescimento significativo de seu uso por instituições públicas de ensino superior brasileiras, nos últimos quinze anos. Cresce o uso do ambiente da web para produção, armazenamento, disseminação e acesso à informação científica e tecnológica, impactando toda a estrutura da comunicação científica. Este novo formato carece de novos indicadores para os estudos métricos da informação científica e tecnológica, como os indicadores webométricos e altmétricos. Por meio de pesquisa exploratória e descritiva, apresenta como estas instituições estão adequando seus repositórios a este novo cenário. Foram identificados que 70% dos repositórios disponibilizam estatísticas de acesso e download de itens, 22% disponibilizam dados altmétricos, 83% utilizam identificadores persistentes de objetos digitais. Mostra-se que as instituições públicas de ensino superior brasileiras estão adequando seus repositórios ao novo cenário dos estudos métricos da informação, apresentando, a altmetria, resultado ainda incipiente.@pt-BR Repositorios institucionales de acceso abierto a los elementos básicos no sistema de comunicación científica de la actualidad. Se observa crecimiento significativo de su uso por las instituciones públicas de superior brasileiras, nos últimos quince anos. Creación de un sitio web para la producción, almacenamiento, difusión y acceso a la información científica y tecnológica, impacto en toda la estructura de la comunicación científica. Este nuevo formato de nuevos indicadores para los estudios técnicos de la información científica y tecnológica, como los indicadores webométricos y altmétricos. Por medio de la investigación exploratoria y descriptiva, se presentan como estas entidades que están adecuando sus repositorios a este nuevo escenario. Hemos identificado que el 70% de los depósitos disponibles y las estadísticas de acceso a los ítems, 22% disponen dados altmétricos, 83% utilizan identificadores persistentes de objetos digitales. Se muestra que como instituciones públicas de enseñanza superior brasileiras están adecuando sus repositorios al nuevo escenario de los estudios métricos de la información, presentando, a altmetria, el resultado aún incipiente.@es-ES Institutional open access repositories are essential in todayâ€™s scholarly communication system. ItÂ´s observed significant growth of its use by public institutions of higher education in Brazil in the last fifteen years. The use of the web environment for production, storage, dissemination and access to scientific and technological information grows, impacting the entire structure of scientific communication. This new format needs new indicators for the metric studies of scientific and technological information, as webometric and altmetrics indicators. Through exploratory and descriptive research, it shows how these institutions are adapting their repositories to the new scenario. It was identified that 70% of the repositories provide statistical data on access and download of its items, 22% offer altmetric data, 83% use â€œidentifiers resolution systemâ€ of digital objects. It shows that public higher education institutions are now adapting their repositories to the new scenario of metric information studies, and altmetrics presents incipient results.@en",Repositorios Institucionales; Acceso Abierto; Métricas da Web; Comunicación Científica; Identificadores; Institutional Repositories; Open Access; Web Metrics; Scientific Communication; Indicators,http://www.brapci.inf.br/index.php/res/v/131300,Portuguese,"ana maria ferreira carvalho, fabio castro gouveia",repositorios institucionais de acesso aberto adequacao as novas metricas da web,revista eletronica de comunicacao informacao e inovacao em saude,"acceso abierto, comunicación científica, identificadores, indicators, institutional repositories, métricas da web, open access, repositorios institucionales, scientific communication, web metrics"
