author,title,source,issue,year,session,keywords,abstract,id,link,
"ARAÚJO, Ronaldo Ferreira de; MURAKAMI, Tiago Rodrigo Marçal; CIRINO, Sergio Dias; OLIVEIRA, Carla Cristina Vieira",Atenção Online de Artigos do Portal Periódicos UFMG: análise dos dados do Facebook@pt-BR,Ciência da Informação em Revista,"n. esp., v. 5, p. 25-36",2018,Relato de Pesquisa,Ciência da Informação; Bibliotecononomia; Altmetria; Atenção Online; Facebook; Portal Periódico UFMG,"Discorre sobre o portal de periódicos da Universidade Federal de Minas Gerais como uma das ações da política de periódicos desta instituição e apresenta alguns de seus resultados de ação. Como parte das ações de desenvolvimento do portal a com vistas a reflexão sobre dados de interação do Facebook como indicativo de atenção online e métricas alternativas da produção científica, a presente pesquisa analisa por meio de um estudo empírico de caráter exploratório o impacto social de artigos de revistas científicas do Portal Periódicos UFMG segundo seus dados de curtidas, compartilhamentos e comentários. Foram analisados 46 periódicos do portal com publicação no período de 2010 a 2017, os quais forneceram 6.437 artigos, sendo que apenas 543 deles possuíam dados de interação. A atenção online é caracterizada segundo sua distribuição por faixa de interação, área de conhecimento, período e analisada pelo desempenho de revistas e artigos.@pt-BR",36223,http://www.brapci.inf.br/index.php/res/v/36223,http://www.brapci.inf.br/index.php/res/download/47615
"ARAÚJO, Ronaldo Ferreira de; FURNIVAL, Ariadne Chloe Mary",Comunicação científica e atenção online: em busca de colégios virtuais que sustentam métricas alternativas@pt-BR,Informação & Informação,"n. 2, v. 21, p. 68-89",2016,Artigo,Ciência da Informação; Comunicação Científica; Altmetria; Atenção Online; Colégio Virtual,"Introdução: As trocas informacionais em torno da atividade de comunicação científica têm se tornado cada vez mais dinâmicas no ciberespaço, modificando a prática dos cientistas e ampliando o alcance dos resultados de pesquisa que atinge uma atenção online cada vez mais expressiva entre grupos distintos.Objetivo: Analisar se os dados altmétricos de atenção online apontam a existência de ?colégios virtuais? ? compostos por pessoas de dentro e de fora da comunidade científica ? sobre o tema científico sendo compartilhado e comentado nas mídias sociais.Metodologia: Estudo piloto, caracterizado como exploratório, tendo como foco de análise a repercussão do artigo de acesso aberto com o maior indicador altmétrico (n=2.728) para o ano de 2015, segundo divulgado pela Altmetric.com em seu ranking ?Top 100?. A qualificação da atenção online é descrita pelas mídias mais expressivas (Twitter e Facebook) em uma amostra randômica (n=10%) para a qual se procedeu a análise de conteúdo e para caracterização do perfil dos grupos sociais que interagiram e a categorização dos tipos de conteúdos de interação.Resultado: A forma mais comum de disseminação observada foi o de compartilhamento e repasse para o Twitter (62%) e Facebook (45%), seguido das categorias ?conclusivo? (16% e 25%) e argumentativo (15% e 9,6%). O perfil dos usuários responsáveis pela circulação do artigo indica se tratar de especialistas da área da saúde.Conclusão: Embora a altmetria proponha uma avaliação de impacto mais social e democrático da pesquisa científica os colégios virtuais caracterizados indicam um público especializado e o debate e circulação da informação científica sobre o artigo analisado se concentra na comunidade científica.@pt-BR",33564,http://www.brapci.inf.br/index.php/res/v/33564,http://www.brapci.inf.br/index.php/res/download/44938
"TORRICELLA-MORALES, Raúl Gonzalo; ARENCIBIA-JORGE, Ricardo",El Índice Wally: una propuesta altmétrica para las editoriales cubanas indexadas en la plataforma e-Libro.com@es-ES,Bibliotecas. Anales de Investigación (Cuba),"n. 1, v. 14, p. 51-61",2018,Artículo Originale,Altmetrics; Altmetria; Libro Electrónico; Indicador de Uso; Editoriales Académicas; Plataforma E-Libro; Electronic Book; Usage Indicator; Academic Editorials; Platform E-Libro; Com,"Objetivo. Se propuso un índice altmétrico para identificar los títulos más consultados de las editoriales cubanas que distribuyen sus contenidos en la plataforma académica e-Libro.com.Diseño/Metodología/Enfoque. Se definió el Índice Wally como el cociente del Ln (# consultas) de un título entre el Ln (# consultas) máximas del conjunto de títulos evaluados en un período de tiempo definido. Se validó la utilidad de este Índice a partir del estudio de la distribución de títulos de seis editoriales cubanas que incluyen sus títulos en la plataforma académica e-Libro.com, durante el período septiembre 2016 - agosto 2017.Resultados/Discusión. Los datos del Índice Wally vs. # títulos de las editoriales cubanas disponibles en e-Libro.com se ajustaron al modelo de potencia, con un coeficiente de correlación de Pearson R2 = 0,7299, aunque los títulos con menores cantidades de consultas mostraron una mayor dispersión, por lo que se evaluó este índice con la colección de los 226 títulos más consultados. Con esta muestra, el Índice Wally´ normalizado vs. ranking de los títulos alcanzó el valor del coeficientes de correlación de Pearson R2= 0,9892 con un ajuste logarítmico.Conclusiones. Se propuso el empleo del Índice Wally´ para la evaluación de las consultas de un conjunto de títulos, seleccionados bajo criterios específicos, disponibles en plataformas Web que brinden datos sobre las consultas. El índice es relativo a la colección de títulos y es independiente de las cantidades de consultas.Originalidad/Valor. El Índice Wally´ puede ser empleado por cualquier editorial que desee examinar las consultas que reciben sus títulos en el entorno web.@es-ES Objective. It was proposed an altmetric index to identify the most consulted titles of Cuban publishers that distribute their contents on the e-Libro.com academic platform.Design/Methodology/Approach. The Wally Index is defined as the quotient of the Ln (# queries) of a title between the maximum Ln (# queries) of the set of titles evaluated in a defined period of time. The usefulness of this Index was validated from the study of the distribution of titles of six Cuban publishers that include their titles in the academic platform e-Libro.com, during the period September 2016 - August 2017.Results/Discussion. The Wally Index vs. # Titles of Cuban publishers available on e-libro.com were adjusted to the power model, with a Pearson correlation coefficient of R2 = 0.7299, although titles with smaller numbers of queries showed greater dispersion, so that evaluated this index with the collection of the 226 most consulted titles. With this sample, the Wally Index ´normalized vs. ranking of the titles reached the value of the Pearson correlation coefficients R2 = 0.8992 with a logarithmic adjustment.Conclusions. The use of the Wally Index is proposed for the evaluation of the queries of a set of titles, selected under specific criteria, available on Web platforms that provide data on the queries. The index is relative to the collection of titles and is independent of the number of queries.Originality/Value. The Wally Index can be used by any publisher who wants to examine the queries that receive their titles in the web environment.@en",57554,http://www.brapci.inf.br/index.php/res/v/57554,http://www.brapci.inf.br/index.php/res/download/63257
"TRAVIESO-RODRíGUEZ, Crispulo; ARAÚJO, Ronaldo Ferreira de","Indicadores altmétricos y de citación en la producción científica en ScienceOpen: estudio descriptivo para Brasil, España y Portugal@es-ES",Bibliotecas. Anales de Investigación (Cuba),"n. 2, v. 14, p. 124-137",2018,Artículo Originale,Altmetrics; Altmetria; Bibliometria; Análisis de Citas; Producción Científica; Bibliometrics; Citation Analysis; Scientific Production; ScienceOpen,"Objetivo. Describir la presencia de determinados aspectos bibliográficos en artículos de publicaciones brasileñas, españolas y portuguesas, considerando su influencia en sus respectivos valores según indicadores altmétricos y bibliométricos.Diseño/Metodología/Enfoque. Desde un enfoque exploratorio, se analizan los 133 artículos disponibles en ScienceOpen mejor posicionados en el cómputo altmétrico. El análisis se realiza en función de elementos tales como fecha de publicación, autoría y colaboración científica, área de conocimiento, idioma, número de citas y valor de sus indicadores altmétricos. Para estos últimos se toma su puntuación ponderada y las menciones ofrecidas por Altmetric.Resultados/Discusión. Los datos muestran diferencias en función del país respecto a determinadas características, como el número de autores y la lengua, de los artículos mejor posicionados en los rankings altmétricos. Para todo el conjunto, en cuanto al margen temporal prima la publicación reciente a la hora de obtener menciones y comparten un índice considerable de co-autoría y de colaboración institucional. Conclusiones. Las métricas alternativas evalúan la visibilidad y acogida en la web y en redes sociales de los artículos científicos, completando así los datos de citación de esa producción y ampliando el alcance de su impacto más allá de la comunidad científica. Es preciso abordar y conocer el impacto social de la ciencia y qué elementos bibliográficos de su publicación condicionan el mayor o menor grado la popularización de las investigaciones.Originalidad/Valor. Además del hecho de partir de una muestra perteneciente al ámbito iberoamericano, menos representada habitualmente en las bases de datos, se incide en el valor complementario de la medición de las distintas dimensiones de la comunicación científica.@es-ES Objective. To describe evidences of certain bibliographic issues and their influence on altmetrics and bibliometrics indicators, considering a set of Brazilian, Spanish and Portuguese articles.Design/Methodology/Approach. From an exploratory approach, a total of 133 articles, available in ScienceOpen and best-positioned from the altmetrics counts, have been analyzed according to characteristics as publication date, authorship and collaboration, subject area, language, number of citations and, finally, altmetrics values derived from altmetric attention scores and mentions collected by Altmetric.Results/Discussion. Data show differences among countries regarding some issues â€“ for example, number of authors by article, or language of publication - for the best-positioned articles in altmetrics rankings. For the whole sample, it is remarkable that more recent articles obtain more mentions and shared authorship is usual. Â Conclusions. Altmetrics evaluate visibility and reception of academic articles in web and social media, so they enrich citation data and extend the scope of the scientific production beyond the academic community. It is required to study and understand the social impact of science and to identify which elements of the publication process have direct influences over the popularization of scientific research. Originality/Value. Besides of dealing with a sample of Ibero-american articles, usually underrepresented in bibliometric databases, this study emphasizes the complementary role of the different dimensions that have to be taken into account in scientific communication.@en",58493,http://www.brapci.inf.br/index.php/res/v/58493,http://www.brapci.inf.br/index.php/res/download/70338
"SHINTAKU, Milton; BARCELOS, Janinne; ARAúJO, Ronaldo; BRITO, Ronnie Fagundes",Mega-Periódicos e altmetria: aproximações entre novas formas de publicação e de avaliação de impacto de resultados de pesquisa@pt-BR,Encontros Bibli: Revista Eletrônica de Biblioteconomia e Ciência da Informação,"n. 54, v. 24, p. 52-61",2018,Artigo,Altmetrics; Ciência da Informação; Biblioteconomia; Altmetria; Comunicação Científica; Comunicação Científica e Internet; Mega-Periódico; Scientific Communication; Scientific Communication and Internet; Mega-journals; Information Science; Library Science,"A Internet e os recursos da web têm se constituído ferramentas essenciais para comunicação e disseminação de informações científicas e feito surgir novas formas de publicação e de avaliação do impacto de resultados de pesquisa. Os mega-periódicos (mega-journals) e as métricas alternativas são exemplos dessas novas formas de publicar pesquisas e medir seus impactos. O artigo tem por objetivo analisar a convergência entre os mega-periódicos e a altmetria, de forma a estabelecer as relações entre um canal de disseminação e um conjunto de métricas, ambos surgidos no cenário digital da internet. Trata-se de uma reflexão teórica desenvolvida por meio de uma pesquisa bibliográfica que sistematiza a correlação quanto às características que a envolvem os mega-periódicos (volume de publicação, amplitude temática, revisão por pares flexível, taxa de processamento e limitações dos periódicos tradicionais) e a Altmetria (apoio na seleção dos artigos, revisão pós publicação, medida de impacto , tipos de ferramentas e limitações das métricas tradicionais). A altmetria pode ser a métrica mais adequada para verificar a efetividade dos mega-periódicos, por alinhar-se às principais características desse canal de disseminação.@pt-BR This study aims to analyze the convergence between mega-journals and altmetrics. It is a theoretical reflection based on bibliographical research that systematizes the correlation regarding the characteristics that involve mega-journals (publication volume, thematic range, flexible peer review, processing rate and limitations of the traditional periodicals) and Altmetrics (support in article selection, post publication review, impact measure, tool types, and limitations of traditional metrics). Altmetrics may be the most suitable metric to verify the effectiveness of mega-journals, because it is aligned with the main characteristics of this dissemination channel.@en",107336,http://www.brapci.inf.br/index.php/res/v/107336,http://www.brapci.inf.br/index.php/res/download/109836
"CINTRA, Paulo Roberto; COSTA, Janaina Oliveira Pamplona da",Altmetria: questionamentos ao paradigma vigente para avaliação da produção científica@pt-BR,Informação & Informação,"n. 3, v. 23, p. 160-176",2018,Artigo,Ciência da Informação; Biblioteconomia; Método Quantitativo; Altmetria; Paradigma; Avaliação; Produção Científica,"Introdução: A altmetria é um subcampo da Ciência da Informação, em que se utilizam métricas alternativas como medida complementar para avaliação da produção científica, que atualmente se baseia quase que exclusivamente em indicadores construídos a partir do número de citações que um artigo recebe.Objetivo: Refletir acerca das mudanças que a altmetria pode trazer ao paradigma vigente dos estudos métricos.Metodologia: Revisão bibliográfica fundamentada principalmente nos conceitos de paradigma científico propostos pelo filósofo da ciência Thomas Kuhn.Resultados: A análise de citações é considerada como procedimento predominante para a atual avaliação da produção científica e, portanto, interpretada como parte do paradigma vigente. São apresentadas as principais críticas a essa metodologia e discute-se se a emergência da altmetria como resposta a essas anomalias poderia representar o surgimento de um novo paradigma.Conclusões: A altmetria está passando por um período pré-paradigmático e que, por isso, ainda não é possível afirmar se as métricas alternativas serão incorporadas ao paradigma atual ou se formarão um novo paradigma. @pt-BR",108367,http://www.brapci.inf.br/index.php/res/v/108367,http://www.brapci.inf.br/index.php/res/download/108489
"ARAÚJO, Ronaldo Ferreira de; MURAKAMI, Tiago Rodrigo Marçal; SERRADAS, André",O DESEMPENHO ALMÉTRICO DE ARTIGOS DE REVISTAS DO PORTAL USP NO FACEBOOK: o diferencial da divulgação científica?@0,Encontro Brasileiro de Bibliometria e Cientometria,"v. 6, p. 6º Encontro Brasileiro de Bibliometria e Cientometria",2018,,Altmetria; Divulgação Científica; Facebook; Portal de Revista USP,"Apresenta os resultados de uma pesquisa teve como objetivo investigar a repercussão de artigos publicados por revistas do Portal USP que foram promovidos por ações de divulgação científica e verificar seu desempenho altmétrico. Trate-se de um estudo exploratório de abordagem quantitativa com coleta de dados da produção de 131 periódicos do Portal de Revistas da USP via Open Archives Initiative Protocol for Metadata Harvesting (OAI-PMH) tendo como recorte o período de 2014 a 2018. Para a aferição altmétrica, a URL de cada artigoe de cada matéria de divulgação científica foi consultada via Application Programming Interface do Facebook tendo cada resultado somado e armazenado no Elasticsearch. As revistas publicaram 16.740 artigos, dos quais 9,92% obteve alguma interação. Das 20 revistas com mais interações, 70% teve ao menos uma ação de divulgação na forma de notícia. Com isso, é possível considerar que a divulgação científica praticada contribuiu no desempenho altmétrico@pt-BR",117508,http://www.brapci.inf.br/index.php/res/v/117508,http://www.brapci.inf.br/index.php/res/download/118608
"ARAÚJO, Ronaldo Ferreira de; ALVES, Marcelo",ALTMETRIA E ATENÇÃO ONLINE DA PRODUÇÃO DE PESQUISADORES BRASILEIROS: análise dos bolsistas de produtividade do CNPq@0,Encontro Brasileiro de Bibliometria e Cientometria,"v. 6, p. 6º Encontro Brasileiro de Bibliometria e Cientometria",2018,,Altmetria; Atenção Online; Pesquisador de Produtividade,O presente trabalho procura analisar o desempenho altmétrico de publicações brasileiras que tenham como autores pesquisadores bolsistas de produtividade em pesquisa (PQ) do Conselho Nacional de Desenvolvimento Científico e Tecnológico (CNPq). Foram considerados para o universo da pesquisa os PQs em vigência tendo por data base omês de outubro de 2017 (n = 14.609). A produção científica registrada no Currículo Lattes foi coletada via GetLattesData e filtradas por artigos de periódicos acadêmicos publicados entre 2016 e outubro de 2017 que possuem o Digital Object Identifier (n = 99064). Os dados de atenção online são analisados segundo sua distribuição por densidade e variação; idioma de publicação e área de conhecimento dos artigos; e por desempenho da média por tipo de fonte que forneceu seus valores altmétricos.@pt-BR,117352,http://www.brapci.inf.br/index.php/res/v/117352,http://www.brapci.inf.br/index.php/res/download/118612
"BORBA, Vildeane; CAREGNATO, Sônia Elisa",FONTES DE DADOS NA ALTMETRIA: um estudo exploratório@0,Encontro Brasileiro de Bibliometria e Cientometria,"v. 6, p. 6º Encontro Brasileiro de Bibliometria e Cientometria",2018,,Comunicação Científica; Altmetria; Fonte de Dado,"Levanta as principais fontes de dados utilizadas nos estudos altmétricos, no sentido de entender suas características e possíveis contribuições que podem oferecer para a geração de indicadores de pesquisa. De cunho quali-quantitativa, do tipo descritiva e exploratória, utilizou enquanto método a bibliometria e como técnica de coleta de dados a análise documental. Os dados mostram que o twitter, contemplado na categoria ""Blogging e Microblogging"" apresentou o maior número de estudos desde 2012, com 80 publicações, juntamente com o Mendeley inserido na categoria ""Marcadores sociais/Gerenciadores de Referências"", com 67 estudos. Na categoria ?Redes Sociais?, o Facebook, apesar de ser a plataforma social com o maior número de usuários, tem uma baixa ocorrência de estudos, apenas 25 publicações.O ResearchGate e a Academia.edu, desenvolvidas especificamente para fins acadêmicos, aparecem com 21 e 8 trabalhos, respectivamente, demonstrando um fraca incidência. A web social tem demonstrado como um novo lócus para avalição da ciência e um novo paradigma tem surgido para os estudos altmétricos. Diversos estudos ainda precisam ser desenvolvidos para entender e aprofundar dados sobre outras fontes e em especial aquelas desenvolvidos com o cunho acadêmico e científico.@pt-BR",117687,http://www.brapci.inf.br/index.php/res/v/117687,http://www.brapci.inf.br/index.php/res/download/118661
"SILVA, Sérgio Salustiano da",MODELAGEM DE INDICADORES ALTMÉTRICOS: uma análise da influência do tempo de publicação@0,Encontro Brasileiro de Bibliometria e Cientometria,"v. 6, p. 6º Encontro Brasileiro de Bibliometria e Cientometria",2018,,Cientometria; Altmetria; Webometria; Métrica Alternativa,"Nas últimas décadas as métricas para a avaliação e ranqueamento da produção científica tornaram-se assuntos que têm atraído a atenção de pesquisadores e agências de fomento em busca de indicadores que possibilitem a manutenção de um parâmetro para diferentes tipos de avaliações. Na tentativa de atender essa demanda surgiram as métricas alternativas. Um novo subcampo dos estudos métricos da informação cuja finalidade é medir a disseminação de documentos científicos nas redes sociais. Os estudos de sua viabilidade ainda estão em fase de desenvolvimento, e na maioria dos casos são comparados com vários outros indicadores que surgiram ao longo dos anos cujo objetivo era fornecer informações mais refinadas sobre a disseminação e/ou impacto das publicações de artigos científicos. Com base nestas questões sobre como medir o impacto da produção científica e utilizando do conhecimento e informações que podem ser extraídas das redes sociais e também levando em consideração suas particularidades e peculiaridades foram modelados indicadores que tem como objetivo auxiliar nos estudos métricos da informação.@pt-BR",117709,http://www.brapci.inf.br/index.php/res/v/117709,http://www.brapci.inf.br/index.php/res/download/119119
"ARAÚJO, Ronaldo Ferreira de; OLIVEIRA, Marlene; LUCAS, Elaine Rosangela de Oliveira",Altmetria de artigos de periódicos brasileiros de acesso aberto na ScienceOpen: uma análise das razões de menções@pt-BR,"Revista Eletrônica de Comunicação, Informação e Inovação em Saúde",v. 11,2017,,Altmetrics; Altmetria; Análise de Menção; Acesso Aberto; Mention Analysis; Open Access; ScienceOpen,"Procura contribuir com debate acerca dos estudos qualitativos no campo da altmetria aplicando a análise de menções de Araújo e Furnival (2016) a um conjunto de artigos de periódicos de acesso aberto presentes na ScienceOpen da Coleção SciELO Brasil. Ao todo foram identificados 1.976 dados altmétricos de artigos publicados entre 2001 e 2015. A maioria dos dados gerados provém do Twitter (68,9%), seguido do Facebook (18,4%) e do Mendeley (12,3%). As menções estão distribuídas quanto ao seu teor informativo (55,1%) e conversacional (44,9%), tendo como razão predominante a simples disseminação (57,5%), seguido de breve comentário de cunho explicativo de parte de seu texto (17,4%) e de narrativas exortativas, nas quais se utiliza do estudo para sensibilizar práticas e ações (15,8%). Não foram registradas mensagens que criticam ou problematizam os artigos. Dado aos poucos estudos sobre o tema abordado torna-se necessário investir em propostas que considerem a análise das menções com vistas a entender as nuances da circulação da informação científica na web social e suas perspectivas.@pt-BR La presente comunicación busca contribuir con el debate acerca de los estudios cualitativos en el campo de las altmétricas, aplicando el análisis de menciones de Araújo y Furnival (2016) a un conjunto de artículos en periódicos de acceso abierto presentes en la ScienceOpen de la Colección SciELO Brasil. En total se identificaron 1.976 datos altmétricos de artículos publicados entre 2001 y 2015. La mayoría de los datos generados provienen de Twitter (68,9%), seguido de Facebook (18,4%) y de Mendeley (12,3%). Las menciones están distribuidas en cuanto a sus contenidos informativo (55,1%) y conversacional (44,9%). Ademas, tienem como razón predominante la simple diseminación (57,5%), seguido de breve comentario de cuño explicativo de parte de su texto (17,4%) y de narrativas ?exortativas?, en las que se utiliza del estudio para sensibilizar prácticas y acciones (15,8%). No se registraron mensajes que critican o problematizan los artículos. A los pocos estudios sobre el tema abordado se hace necesario invertir en propuestas que consideren el análisis de las menciones con miras a entender los matices de la circulación de la información científica en la web social y sus perspectivas.@es-ES This study aims to contribute to a debate about qualitative studies in the field of altmetrics applying the analysis of mentions of Araújo and Furnival (2016) to a set of articles of open access journals present in ScienceOpen of the SciELO Brazil Collection. We identified 1,976 altmetric data from articles published between 2001 and 2015. Most of the data generated came from Twitter (68.9%), followed by Facebook (18.4%) and Mendeley (12.3%). The mentions are distributed according to their informative content (55.1%) and conversational (44.9%) aspects, with predominantly simple sharing (57.5%), followed by explanatory comments (17.4%), and of exortative narratives (15.8%). Messages that criticize or problematize articles have not been registered. We conclude that due to the few studies on the subject it is necessary to invest in proposals that consider the analysis of the mentions to understand the nuances of the circulation of scientific information in the social web and its perspectives.@en",130382,http://www.brapci.inf.br/index.php/res/v/130382,http://www.brapci.inf.br/index.php/res/download/134082
"CAJé, Bruna",Proposta para adoção de métricas alternativas na Biblioteca Digital Brasileira de Teses e Dissertações@pt-PT,Cadernos BAD (Portugual),n. 1,2019,,,"O presente trabalho tem como proposta a adoção de métricas alternativas, também conhecidas como altmetrias, na Biblioteca Digital Brasileira de Teses e Dissertações (BDTD) para o monitoramento do acesso, propagação e possível uso das teses e dissertações produzidas como resultado dos cursos de pós-graduação stricto sensu, mestrado e doutorado.@pt-PT",134589,http://www.brapci.inf.br/index.php/res/v/134589,http://www.brapci.inf.br/index.php/res/download/134682
"RIBEIRO, Danielly dos Santos",Ferramentas de métricas alternativas para livros@pt-BR,Revista Brasileira de Biblioteconomia e Documentação,"n. 2, v. 14, p. 130-142",2018,Artigo,Avaliação da Produção Científica; Altmetrics; Métrica Alternativa para Livro,"As métricas alternativas utilizam medidas do impacto acadêmico com base nas atividades e ferramentas online. A Altmetria ocorre mediante o uso de plataformas que desempenham a função de agregar indicadores tradicionais e alternativos, a fim de monitorar a interação do usuário com a pesquisa. A ferramenta Altmetric Badges for Books surge com intuito de avaliar a produção científica em livros. O presente estudo visa apresentar conceitos básicos sobre as métricas alternativas, apontar algumas plataformas que utilizam altmetrics e descrever as funcionalidades das ferramentas de métricas alternativas para livro.@pt-BR",5150,http://www.brapci.inf.br/index.php/res/v/5150,http://www.brapci.inf.br/index.php/res/download/44583
"ARAÚJO, Ronaldo Ferreira de",Estudos métricos da informação na web e o papel dos profissionais da informação@pt-BR,"Bibliotecas Universitárias: pesquisas, experiências e perspectivas",v. 2,2015,Artigo Original,,"Aborda os estudos métricos aplicados à web e reflete sobre seu uso em ambientes de interação como sites de redes sociais. Destaca os conceitos de webometria, cibermetria e altmetria, traçando as diferenças entre seus métodos, aplicações e suas interfaces com os campos da bibliometria e a cientometria. Considera a abordagem cibermétrica de maior abrangência e mais adequada para estudos quantitativos em blogs e sites de redes sociais e situa a altmetria como emergente campo de estudos para análise da circulação da informação científica na websocial que tem muito a crescer com o envolvimento dos profissionais da informação atuando na geração e monitoramento de dados e no apoio a pesquisadores e instituições de pesquisa.@pt-BR",17094,http://www.brapci.inf.br/index.php/res/v/17094,http://www.brapci.inf.br/index.php/res/download/52553
"ARAÚJO, Ronaldo Ferreira de; MURAKAMI, Tiago Rodrigo Marçal; PRADO, Jorge Moisés Kroll",A repercussão de artigos de periódicos brasileiros da ciência da informação no Facebook: um estudo altmétrico@pt-BR,Revista Digital de Biblioteconomia & Ciência da Informação,"n. 2, v. 16, p. 365-379",2018,Artigo,Altmetrics; Facebook; Biblioteconomia; Ciencia de la Información; Ciência da Informação; Altmetria; Atenção Online; Altimetría; Atención en Línea; Librarianship; Information Science; Online Attention,"Reflete sobre as interações do Facebook enquanto elementos de atenção online e fonte de dados altmétricos, e dialoga as reflexões com uma análise empírica que considerou a repercussão de artigos de periódicos da Ciência da Informação indexados no Repertório da Produção Periódica Brasileira de Ciência da Informação (RPPBCI). A coleta de dados altmétricos foi realizada por meio da utilização de Application Program Interface do Facebook parametrizada pela URL principal e secundária de artigos de 31 periódicos. A repercussão dos artigos indica uma atenção online com 13.633 interações, sendo 8.840 de ?curtidas?, 2.992 de ?compartilhamentos? e 1.801 de ?comentários?. A revista Perspectivas em Ciência da informação possui o maior destaque com 13,4% da atenção recebida e artigos recentes obtiveram pontuação mais elevada. Conclui-se que interações com conteúdo de artigos científicos no Facebook são ricas fontes de dados altmétricos e merecem maior atenção por parte de estudiosos desse campo, elas podem ser benéficas como uma métrica agregada porque fornece uma visão adicional sobre o desempenho científico dos artigos quando curtidos, compartilhados ou comentados.@pt-BR Refleja sobre las interaciones del Facebook mientra elementos de atención en línea y fuente de datos altmétricos, y dialoga las reflexiones con un análisis empírico que consideró la repercusión de artículos de periódicos de la Ciencia de la Información indexados en el Repertorio de la Producción Periódica Brasileña de Ciencia de la Información (RPPBCI). La recolección de datos altmétricos fue realizada por medio de la utilización de Application Program Interface del Facebook parametrizada por la URL principal y secundaria de artículos de 31 periódicos. La repercusión de los artículos indica una atención en línea con 13.633 interacciones, siendo 8.840 ?me gusta?, 2.992 veces se ha compartido y 1.801 comentarios. La revista Perspectivas em Ciência da Informação posee el mayor destaque con el 13,4% de la atención recibida y artículos recientes obtuvieron puntuación más elevada. Se concluye que las interaciones con contenido de artículos científicos en Facebook son ricas fuentes de datos altmétricos y merecen mayor atención por parte de estudiosos de ese campo, ellas pueden ser benéficas como una métrica agregada porque proporciona una visión adicional sobre el desempeño científico de los artículos cuando son curtidos, compartidos o comentados.@es-ES This article reflects on the Facebook@en",40044,http://www.brapci.inf.br/index.php/res/v/40044,http://www.brapci.inf.br/index.php/res/download/114442
"MARICATO, João de Melo; MARTINS, Dalton Lopes","Altmetria: complexidades, desafios e novas formas de mensuração e compreensão da comunicação científica na web social@pt-BR",Biblios (Peru),"n. 68, p. 48-68",2017,Revisión,Altmetria; Bibliometria; Cientometria; Comunicação Científica; Indicador Científico; Web Social; Indicadores Científicos; Altmetrics; Comunicación Científica; Bibliometrics; Scientific Communication; Scientific Indicators; Scientometrics; Social Web,"Objetivo. Tem como objetivo debater alguns aspectos da altmetria, área comumente associada a métricas como a bibliometria, cientometria e webometria, mas com importantes diferenças, com intuito de contribuir com o seu entendimento, institucionalização e consolidação.Método. O artigo é uma abordagem teórica sobre a temática altmetria, sendo elaborado a partir de um conjunto de textos selecionados em bases de dados internacionais. A bibliografia selecionada subsidiou análises críticas e reflexivas sobre o tema.Resultados. O texto trouxe reflexões sobre a altmetria e sua fundamenteção teórica, buscando-se discutir a definição da área sua relação com outros estudos métricos da informação e as complexidades e desafios inerentes à produção e uso de indicadores altmétricos.Conclusões. A área possui grande potencial, mas carece de mais reflexão, análises aprofundadas e discussão sobre seus fundamentos. Existem incertezas relacionadas à institucionalização da área e controvérsias sobre as possibilidades dos indicadores para medir o ?impacto? da produção acadêmica.@pt-BR Objectivo. Tiene como objetivo debatir algunos aspectos de la altmetria, área comumente asociada a las métricas como la bibliometria, cientometria y webometria, pero con importantes diferencias, con el propósito de contribuir a su comprensión, institucionalização y consolidación.Método. El artículo tiene un abordaje teórico sobre la temática de altmetria, siendo elaborado a partir de un conjunto de textos seleccionados en bases de datos internacionales. La bibliografía seleccionada contribuyó a análisis críticos y reflexivos sobre el tema.Resultados. El texto trajo reflexiones sobre la altmetria y su fundamentación teórica, buscándose discutir la definición del área, su relación con otros estudios métricos de la información y las complejidades y desafíos inherentes a la producción y uso de indicadores altmétricos.Conclusiones. El área posee gran potencial, pero carece de más reflexión, análisis profundizados y discusión sobre sus fundamentos. Existen incertidumbres relacionadas a la institucionalización del área y controversias sobre las posibilidades de los indicadores para medir el ?impacto? de la producción académica.@es-ES Objective. It aims to discuss some aspects of altmetria, an area commonly associated with metrics such as bibliometrics, scientometrics and webometrics, but with important differences in order to contribute to its own understanding, institutionalization and consolidation.Method. The article is a theoretical approach on the subject altmetria, being elaborated from a set of texts selected in international databases. The selected bibliography subsidized critical and reflexive analyzes on the subject.Results. The text brought reflections on the altmetria and its theoretical foundation, seeking to discuss the definition of the area, its relation with other metric studies of information and the complexities and challenges related to the production and use of altmetric indicators.Conclusions. The area has great potential, but it needs more reflection, in-depth analysis and discussion about its theoretical foundations. There are uncertainties related to the institutionalization of the area and controversies about the possibilities of the indicators to measure the ""impact"" of academic production.@en",66367,http://www.brapci.inf.br/index.php/res/v/66367,http://www.brapci.inf.br/index.php/res/download/80450
"DAMIAN, Ieda Pelógia Martins; SILVA, Márcia Regina",GESTÃO DO CONHECIMENTO: REPERTÓRIO BRASILEIRO DE CIÊNCIA DA INFORMAÇÃO@0,Encontro Nacional de Pesquisa em Ciência da Informação,n. XVIII ENANCIB,2017,Gt-4 ? Gestão da Informação e do Conhecimento - Comunicação Oral,Gestão do Conhecimento; Altmetria; Internet; Ciência da Informação; Rede Social,"No campo da Ciência da Informação, a Gestão do Conhecimento é uma temática cada vez mais em destaque. A produção científica que abarca esse tema já foi objeto de estudos anteriores, os quais apresentaram uma série de indicadores que denotaram que há produção científica expressiva nesse domínio. Sob o prisma das métricas alternativas também é possível contribuir com outros delineamentos das pesquisas nessa área. É justamente desta perspectiva que se trata este trabalho que tem como objetivo analisar a produção científica nacional sobre Gestão do Conhecimento, representada por artigos científicos da área de Ciência da Informação, tendo como parâmetro os indicadores bibliométricos e as interações do Facebook enquanto elementos de atenção on-line disponibilizados no Repertório da Produção Periódica Brasileira de Ciência da Informação. Trata-se de pesquisa de cunho quantitativo e qualitativo, do tipo descritiva e exploratória. O corpus de análise consistiu de 181 artigos sobre a temática gestão do conhecimento publicados em periódicos da Ciência da Informação disponíveis em formato aberto. Os indicadores construídos revelam que a produção cientifica sobre a Gestão do Conhecimento se concentra em periódicos bem mais classificados da Ciência da Informação. Há uma pulverização de autores, revelando que não existe concentração da temática entre pesquisadores da Ciência da Informação. Em relação aos assuntos tratados nos trabalhos, além da Gestão do Conhecimento, destacam-se os termos Gestão da Informação e Biblioteca Universitária. Os 10 artigos com maior atenção no Facebook concentram-se entre os anos de 2013 e 2017, com destaque para o ano de 2015. A ?curtida? foi a maior interação, em seguida o ?compartilhamento? e depois os ?comentários?. Os resultados revelam que a Gestão do Conhecimento tem aderência no campo da Ciência da Informação, circulando em periódicos científicos importantes da área e também em redes sociais.@pt-BR",104318,http://www.brapci.inf.br/index.php/res/v/104318,http://www.brapci.inf.br/index.php/res/download/124949
"GOUVEIA, Fabio Castro",Altmetria: métricas de produção científica para além das citações ? Altmetrics: scientific production metrics beyond citations@pt-BR,Liinc em revista,"n. 1, v. 9",2013,Estudo Métrico da Informação em Ciência e Tecnologia |,Altmetria; Cibermetria; Webometria; Cientometria; Bibliometria,"Resumo Métricas baseadas em citações têm sido historicamente utilizadas para avaliação da produção científica. Entretanto, diante da revolução da Web 2.0 surge uma Cientometria 2.0, que busca celeridade na percepção do impacto das publicações científicas, bem como de campos emergentes e estratégicos. Neste contexto se inserem os estudos com métricas alternativas (altmétricas) que tem o potencial de aprimorar o entendimento das dinâmicas de citação, levando em consideração o contexto e o papel das diferentes publicações na academia. Neste artigo apresentamos uma discussão sobre o campo da ?altmetria? propondo sua definição como uso de dados webométricos e cibermétricos em estudos cientométricos.Palavras-chave Altmetria, Cibermetria, Webometria, Cientometria, Bibliometria.Abstract Citations based metrics have historically been used to evaluate scientific production. However, before the revolution of Web 2.0 arises Scientometrics 2.0, which seeks to expedite the perception of the impact of scientific publications, as well as strategic and emerging fields. In this context fall within studies with alternative metrics (altmetrics) that has the potential to enhance the understanding of the citation dynamics, taking into account the context and the scholarly role of different publications. This article presents a discussion on the field of ?altmetrics? proposing its definition as webometrics and cybermetrics data usage in scientometric studies.Keywords Altmetrics, Cybermetrics, Webometrics, Scientometrics, Bibliometrics@pt-BR",94025,http://www.brapci.inf.br/index.php/res/v/94025,http://www.brapci.inf.br/index.php/res/download/95146
"BORBA, Vildeane da Rocha; MARINHO, Andrea Carla de Melo; CAREGNATO, Sônia Elisa",Análise do termo ?Repositório Institucional? no Twitter: um estudo altmétrico@pt-BR,Em Questão,"v. 23, p. 290-308",2017,Artigo,Ciëncia Social Aplicada; Ciência da Informação; Altmetria; Métrica Alternativa; Comunicação Científica; Repositório Institucional; Altmetrics; Twitter; Alternative Metrics; Scientific Communication; Institutional Repository,"Apresenta uma análise altmétrica do termo ?Repositório Institucional? no Twitter no período de 2009 a 2015. O estudo é de caráter qualiquantitativo, do tipo descritivo e utilizou a altmetria buscando-se auferir as postagens relacionadas ao termo, bem como realizar uma análise de conteúdo das mesmas, a fim de identificar as relações estabelecidas entre o termo e assuntos associados. Os resultados mostraram que as primeiras publicações sobre o termo Repositório Institucional em língua portuguesa no Twitter aparecem em 2009, sendo que a maior quantidade de tweets sobre o tema aconteceu em 2013. Destacou-se a prevalência da categoria ?Citações sociais? e ?Divulgação de Repositório Institucional?, que, na maioria das vezes, menciona a implantação de Repositórios. Nas postagens referentes às citações sociais destaca-se a menção a ?Livros? e ?Artigo de revista?, evidenciando o Repositório da UFBA, que disponibilizou o maior número de livros publicados pela Editora da Instituição. A hashtag mais encontrada foi #opendoar, que é o diretório oficial de repositórios acadêmicos de acesso a erto, desenvolvido pela Universidade de Nottingham, no Reino Unido. Por fim, consideram-se os estudos altmétricos como uma possibilidade de análise das relações entre as mídias sociais e a produção científica, bem como uma alternativa de divulgação e/ou compartilhamento dessas informações entre os pesquisadores e interessados.@pt-BR It presents an altmetric analysis of the term â€œInstitutional Repositoryâ€ on Twitter in the period from 2009 to 2015. The study is qualitative and quantitative, descriptive in nature, and used altmetrics to show posts related to the term and the content analysis thereof in order to identify the relationships established between the term and associated issues. The results showed that the first publications about the Institutional Repository term in Portuguese on Twitter appeared in 2009, and the highest number of tweets on the subject took place in . It highlighted the prevalence of the category â€œsocial citationsâ€Â and â€œInstitutional Repository Disclosureâ€, which most often mentions the implementation of Repositories. In posts related to social citation there is mention of â€œBooksâ€ and â€œJournal articleâ€, a reference to the repository of UFBA, which provided the largest number of books published by the Publishing House of the Institution. The most frequent hashtag was #opendoar, which is the official directory of academic open access repositories, developed by the University of Nottingham, in the UK. Finally, altmetric studies are considered a possibility of analysis of the relationship between social media and the scientific production and an alternative to disseminate and/or share such information among researchers and stakeholders.@en",8710,http://www.brapci.inf.br/index.php/res/v/8710,http://www.brapci.inf.br/index.php/res/download/46092
"ARAÚJO, Ronaldo Ferreira de",Mídias sociais e comunicação científica: análise altmétrica em artigos de periódicos da ciência da informação@pt-BR,Em Questão,"n. 1, v. 21, p. 96-109",2015,Artigo,Ciência da Informação; Mídia Social; Comunicação Científica; Altmetria; Altmetrics; Social Media; Scientific Communication,"Este estudo discorre brevemente sobre as mídias sociais e a comunicação científica, situando o emergente campo da altmetria para análise dessa relação. Apresentam-se aqui os resultados de uma pesquisa exploratória que teve por objetivo a análise de métricas alternativas para 125 artigos de periódicos da Ciência da Informação Qualis A. No uso da ferramenta altmetric.com, 36% dos artigos retornaram dados altmétricos. Dentre as revistas, dá-se destaque para a Ciência da Informação, com 21 artigos e 297 dados altmétricos. Quanto às mídias, 92,43% dos dados vieram do Mendeley, contra 7,57% do Twitter, e nenhum registro do Facebook. Considera-se que a falta de padronização das revistas pode ser um dos fatores do reduzido quantitativo de artigos encontrado, e que parametrizações de Application Programming Interface ? APIs de mídias como Facebook e Twitter ? podem ser o caminho para contornar esse baixo desempenho. Os dados altmétricos indicam a atenção que os artigos recebem logo após a publicação e podem ser indícios de citações futuras.@pt-BR This study elaborates on the relationship between social media and communication science, setting the emerging field of altmetris for the analysis of this relationship. The study presents the results of a research project that aimed to analyse alternative metrics to 125 articles of Brazilian Information Science journals. Through Altmetric.com, 45 of the 125 items returned altmetrics data. The journal Ciência da Informação obtained better results than the others, with 21 articles and 297 altmetrics data. In regards to social media, around 92,43% of the data collected was taken from Mendeley?s library, while 7,57% of the mentions were from Twitter, and no data was recovered from Facebook. We consider that the lack of standardization for magazines can be a factor in the reduced quantity of articles found, and the parameterization of Application Programming Interface of social media such as Facebook and Twitter can be the answer to overcome this low number for the recovered data. The altmetric data indicates the attention that the articles receive on socialweb shortly after their publication and may be a suggestion of future citations.@en",12013,http://www.brapci.inf.br/index.php/res/v/12013,http://www.brapci.inf.br/index.php/res/download/47485
"SOUZA, Iara Vidal Pereira de",Altmetria ou métricas alternativas: conceitos e principais características@pt-BR,AtoZ: Novas Práticas em Informação e Conhecimento,"n. 2, v. 4, p. 58-60",2015,Entrevista,Ciência da Informação; Método Quantitativo; Bibliometria; Altmetria; Rede Social; Infometria; Altmetrics; Ciencia de la Información; Métodos Cuantitativos; Altmetrías; Redes Sociales; Information Science; Quantitative Methods; Bibliometrics; Social Networks; Infometrics,"Apresentam-se os conceitos e características das métricas alternativas (ou altmetria, em português), com especial destaque para a relação destas com as métricas tradicionais e potenciais riscos de manipulação de dados. Discutem-se os desafios para tais métricas e as ferramentas disponíveis para tal contagem.@pt-BR Esta entrevista presenta los conceptos y características de las métricas alternativas (o altmetria, en portugués), haciendo hincapié en u relación con las métricas tradicionales y el potencial de riesgos, especialmente la manipulación artificial de datos. Discute los retos para este tipo de métricas y las herramientas disponibles.@es-ES This interview presents the concepts and characteristics of the alternative metrics (or altmetria, in portuguese), emphasising their relationship to the traditional metrics and the potential for hazards, mainly artificial data manipulation. Discusses the challenges for such metrics and the tools available.@en",15677,http://www.brapci.inf.br/index.php/res/v/15677,http://www.brapci.inf.br/index.php/res/download/49313
"SANTOS, Paula Wivianne Quirino dos; ALBUQUERQUE, João Pedro Silva",Altmetria: Uma nova lente para os estudos métricos da informação@pt-BR,Biblionline,"n. 3, v. 13, p. 3-12",2017,Artigo,,A partir do conceito de informação e ciclo da informação proposto por Le Coadic (1994) é realizada a fundamentação acerca da importância dos Estudos Métricos da Informação (EMI?S) para o processo de comunicação científica. Posteriormente é realizada a discussão de como o desenvolvimento da comunicação científica e o surgimento e evolução da internet levam os Estudos Métricos da Informação da Bilbliometria até a Altmetria. Por fim é debatida a inserção da Altmetria como campo para os EMI?S e o valor que ela apresenta para esta área.@pt-BR,16608,http://www.brapci.inf.br/index.php/res/v/16608,http://www.brapci.inf.br/index.php/res/download/51220
"ARAÚJO, Ronaldo Ferreira de",Marketing científico digital e métricas alternativas para periódicos: da visibilidade ao engajamento@pt-BR,Perspectivas em Ciência da Informação,"n. 3, v. 20, p. 67-84",2015,Artigo Científico,Ciência da Informação; Biblioteconomia; Comunicação Científica; Marketing Científico Digital; Altmetria; Visibilidade de Periódico,"O artigo reflete sobre o papel do marketing científico digital no aumento da visibilidade dos periódicos científicos bem como do acompanhamento e avaliação do seu impacto social por meio da altmetria. Para tanto apresenta esse tipo de marketing como forma de promoção e divulgação dos periódicos para os quais seus editores devem: construir e manter uma presença online; oferecer um conteúdo adequado aos ambientes que atuar, e; estabelecer uma atuação responsiva. Discorre sobre os principais indicadores do marketing científico digital e por fim, situa a altmetria como método para coleta e análise de tais indicadores com atenção ao custo e padrões exigidos pelos periódicos.@pt-BR",38601,http://www.brapci.inf.br/index.php/res/v/38601,http://www.brapci.inf.br/index.php/res/download/49556
"LEHMKUHL, Karyn M.",Recursos e eficácia das bibliotecas sob escrutínio: relato de experiência da participação na 35ª Conferência Anual da International Association of University Libraries (IATUL) Library resources and effectiveness ...@pt-BR,Revista ACB: Biblioteconomia em Santa Catarina,"n. 2, v. 20, p. 355-361",2015,Relato de Experiência,Biblioteconomia; Biblioteca Universitária (México); Bibliometria; Altmetria; Acesso Aberto; Design de Serviço; Competência Informacional,"Este artigo é um relato da conferência anual da IATUL realizada em junho de 2014 na cidade de Espoo, Finlândia. Apresenta uma síntese da fala das principais palestras e atividades propostas no evento. As principais temáticas que permearam a conferência foram bibliometria, segurança da informação, acesso aberto, open data, design de serviços e competência informacional, as quais foram tratadas no contexto das bibliotecas universitárias.@pt-BR",76404,http://www.brapci.inf.br/index.php/res/v/76404,http://www.brapci.inf.br/index.php/res/download/89513
"SANTOS, Fernanda Bochi; ALVAREZ, Gonzalo Rubén; GABRIEL JUNIOR, Rene Faustino; MOURA, Ana Maria Mielniczuk",Altmetria no Brasil: estudo de citação e cocitação na base de dados BRAPCI@pt-PT,Prisma.com (Portugual),"n. 36, p. 116-131",2018,Artigo,,"O presente artigo aborda a influência dos autores nacionais e internacionais na literatura científica brasileira na temática ?altmetria?, através de análise de citação e cocitação das publicações indexadas na Base de Dados Referenciais de Artigos de Periódicos em Ciência da Informação (BRAPCI). Com base em indicadores bibliométricos, a pesquisa analisou 14 artigos com 112 referências e 92 autores citados. Os resultados sugerem (1) predomínio dos pesquisadores americanos e europeus na rede de coautoria das obras citadas e na rede de cocitação dos autores citados, (2) baixa presença de pesquisadores nacionais no ranking de autores mais citados, (3) proximidade temática significativa na rede de cocitação advinda de coautorias e ligações conceituais entre autores nacionais e internacionais citados, com destaque para J. Priem (95% das cocitações possíveis). Conclui que a pesquisa brasileira em altmetria indexada na BRAPCI é influenciada, majoritariamente, pelas correntes teóricas e metodológicas de autores internacionais pioneiros no estudo das métricas alternativas.Palavras-chave: Comunicação Científica, Estudos Métricos, Análise de Citação e Cocitação, Altmetria.@pt-PT",73005,http://www.brapci.inf.br/index.php/res/v/73005,http://www.brapci.inf.br/index.php/res/download/87477
"BORBA, Vildeane da Rocha; ALVAREZ, Gonzalo Rubén; CAREGNATO, Sônia Elisa",QUEM SÃO OS ?LEITORES? DA PRODUÇÃO CIENTÍFICA DAS REVISTAS BRASILEIRAS EM CIÊNCIA DA INFORMAÇÃO QUALIS A1?: UMA ANÁLISE NO MENDELEY (2011-2016)@0,Encontro Nacional de Pesquisa em Ciência da Informação,n. XVIII ENANCIB,2017,"Gt-7 ? Produção e Comunicação da Informação em Ciência, Tecnologia & Inovação - Poster",Artigo de Periódico; Altmetria; Mendeley; Revista Brasileira; Ciência da Informação,"Objetiva explorar o uso do gerenciador de referências Mendeley para analisar quem são os ?leitores? da produção científica das revistas brasileiras em ciência da informação qualis A1 publicadas de 2011 a 2016. Estudo quali-quantitativo e exploratório utilizando a altmetria para análise dos dados. Como resultado, tem-se que 50,4% dos artigos das três revistas estavam marcados no Mendeley pelo menos por um usuário, sendo que 69% deles tiveram entre 1 e 10 marcações. Além disso, 56% dos artigos da Revista Transinformação, 54% da Revista Perspectivas em Ciência da Informação e 43% da Revista Informação & Sociedade estavam marcados no Mendeley. A maioria dos usuários são de nacionalidade brasileira (67%), mas há também marcadores do continente europeu, em particular Portugal (9%) e Espanha (7%). Por fim, o perfil ocupacional com a maior incidência é o de estudantes de pós-graduação de nível mestrado. Espera-se que a amplitude, diversidade, velocidade e acesso aberto de dados contribuam para pesquisas utilizando a altmetria no ambiente da web social.@pt-BR",104863,http://www.brapci.inf.br/index.php/res/v/104863,http://www.brapci.inf.br/index.php/res/download/121665
"SILVA, Janinne Barcelos de Morais; MARICATO, João de Melo",MENÇÕES SOBRE A PRODUÇÃO ACADÊMICA NAS MÍDIAS SOCIAIS: ESTUDO ALTMÉTRICO DE VISIBILIDADE E ENGAJAMENTO PÚBLICO COM ARTIGOS DA SCIENTOMETRICS@0,Encontro Nacional de Pesquisa em Ciência da Informação,n. XVIII ENANCIB,2017,"Gt-7 ? Produção e Comunicação da Informação em Ciência, Tecnologia & Inovação - Comunicação Oral",Visibilidade; Engajamento Público; Mídia Social; Altmetria,"O trabalho centra-se na compreensão de aspectos relacionados a visibilidade e engajamento público com artigos científicos da revista Scientometrics nas mídias sociais. Para tanto, são analisadas menções feitas a estas publicações na web 2.0, a partir da plataforma Altmetric. A análise de objeto deste trabalho está apoiada empiricamente no levantamento de dados feito com técnicas e princípios relacionados aos indicadores altmétricos. Capazes de identificar a quantidade e o tipo de atenção que um produto de pesquisa recebeu, os indicadores altmétricos possibilitaram assinalar o tipo de mídia onde os artigos receberam atenção; as mídias sociais mais utilizadas; a quantidade de postagens em cada mídia, assim como a tipologia dos responsáveis pela primeira postagem sobre o artigo nas redes. O universo desta pesquisa compreende 238 artigos publicados pela revista Scientometrics, entre maio de 2016 e maio de 2017, que tiveram menção em rede social registrada até maio de 2017. Dentre as principais conclusões destacam-se: o Twitter representou mais de 93% do número de menções sobre os artigos da revista Scientometrics; autoria dos primeiros posts é feita, em sua maioria, pelo público geral (85% das postagens), e não pelos próprios autores dos artigos; e, as maiores médias de atenção estão registradas no período entre 81 a 161 dias de exposição nas mídias sociais. Além do instrumental da altmetria para a produção de indicadores, a metodologia lança mão do exame de livros, artigos e críticas elaboradas por especialistas da área, trazendo reflexões sobre novos caminhos para a visibilidade de pesquisadores e seus produtos de pesquisa, mudanças no fluxo da comunicação científica, desafios do engajamento público com a ciência e contribuições para os debates teórico-metodológicos do emergente campo da altmetria.@pt-BR",104939,http://www.brapci.inf.br/index.php/res/v/104939,http://www.brapci.inf.br/index.php/res/download/125081
"BARATA, Germana; ARAÚJO, Ronaldo Ferreira de; ALPERIN, Juan Pablo; TRAVIESO-RODRíGUEZ, Crispulo",O USO DE MÍDIAS SOCIAIS POR ACADÊMICOS BRASILEIROS@0,Encontro Brasileiro de Bibliometria e Cientometria,"v. 6, p. 6º Encontro Brasileiro de Bibliometria e Cientometria",2018,,Mídia Social; Comunicação Científica; Divulgação Científica; Altmetria,"A presente pesquisa tem como objetivo fornecer informações sobre como alguns acadêmicos brasileiros estão usando as mídias sociais para criar conexões acadêmicas, compartilhar e discutir pesquisas e se comunicar com o público. Esperamos que os resultados contribuam para avaliar as tendências na aceitação de diferentes plataformas de mídias sociais pelos cientistas. Trata-se de um estudo exploratório de abordagem quantitativa descritiva que analisa as percepções de uso que 411 professores e pesquisadores universitários de duas universidades brasileiras: Universidade de Campinas (Unicamp) e Universidade Federal de Alagoas (UFAL). O instrumento de coleta de dados foi o FluidSurvey com questionário composto por 30 perguntas que versavam sobre o perfil dos respondentes, as razões de uso e a relação com as redes sociais.@pt-BR",117741,http://www.brapci.inf.br/index.php/res/v/117741,http://www.brapci.inf.br/index.php/res/download/118609
"OLIVEIRA, Thaiane Moreira de; ARAúJO, Ronaldo; TOTH, Janderson Pereira; TAYLOR, Michael",Altmetria e a análise das condições de interação em torno de artigos sobre políticas públicas: uma incursão metodológica@pt-PT,Cadernos BAD (Portugual),"n. 1, p. 77-85",2018,Comunicação,Razões de Menções; Ciência da Informação; Comunicação; Políticas Públicas; Altmetria; Programa Bolsa Família,"A presente comunicação se apresenta como uma contribuição teorico-metodológica para os estudos de altmetria com abordagem qualitativa para análise das condições de interação das menções a um conjunto de artigos científicos sobre políticas públicas. Os dados foram coletados via Dimensions.api com busca por artigos em acesso aberto em consultas pelos termos ?bolsa família? e ?bolsa escola?. Ao todo foram identificados 344 artigos e 275 dados altmétricos publicados entre 2010 e 2017. Buscando enfatizar as redes e arenas que se formam em torno das políticas públicas, foi possível perceber que apesar da grande quantidade de pessoas não-especialistas compartilhando o conteúdo científico, estes usuários formam micro-clusters isolados, enquanto comunicadores da ciência, cientistas atuantes na área de políticas públicas e saúde marcam sua autoridade sobre o assunto em suas redes sociais, mostrando a relevância destes profissionais na comunicação de políticas públicas pela ciência. A partir de um estudo qualitativo, foi possível observar ainda que quando se trata de políticas públicas, uma outra categoria de menções foi identificada a partir de manifestações ideológicas dos usuários, sendo utilizada como argumento de disputas políticas nas redes sociais.@pt-PT",109980,http://www.brapci.inf.br/index.php/res/v/109980,http://www.brapci.inf.br/index.php/res/download/110163
"ARAÚJO, Ronaldo Ferreira de; ALVES, Marcelo",Indicadores altmétricos da produção de pesquisadores brasileiros: análise dos bolsistas de produtividade do CNPq@pt-BR,Revista Ibero-Americana de Ciência da Informação,"n. 3, v. 12 No 3, p. 850-862",2019,Artigo,,"O presente trabalho analisa o desempenho altmétrico de publicações brasileiras cujos autores recebam bolsas de produtividade em pesquisa (PQ) concedidas pelo Conselho Nacional de Desenvolvimento Científico e Tecnológico (CNPq). Foram considerados para o universo da pesquisa os pesquisadores cujas bolsas de PQ estavam vigentes em outubro de 2017 (n = 14.609). A produção científica registrada no Currículo Lattes desses autores foi coletada pelo GetLattesData, pacote da linguagem R, e filtrada por artigos de periódicos acadêmicos publicados entre 2016 e outubro de 2017 que possuíssem o Digital Object Identifier (n = 99064). Os dados de atenção online foram analisados segundo sua distribuição por densidade e variação; idioma de publicação e área de conhecimento dos artigos. O desempenho médio por tipo de fonte dos dados altmétricos também foi avaliado. A maior parte dos artigos não apresentou indicadores de atenção online e bem poucos revelaram índices elevados. O melhor desempenho na atenção online foi verificado nas publicações em inglês das áreas de Ciências da Saúde e Ciências Biológicas, com destaque para o Mendeley e Twitter como fontes do maior número de menções.@pt-BR El presente trabajo analiza el desempeño altmétrico de publicaciones brasileñas cuyos autores reciben becas de productividad en investigación (PQ) concedidas por el Consejo Nacional de Desarrollo Científico y Tecnológico (CNPq). Se consideraron para el universo de la investigación los investigadores cuyas bolsas de PQ estaban vigentes en octubre de 2017 (n = 14.609). La producción científica registrada en el Currículo Lattes de estos autores fue recolectada por el GetLattesData, paquete del lenguaje R, y filtrada por artículos de revistas académicas publicadas entre 2016 y octubre de 2017 que poseía el Digital Object Identifier (n = 99064). Los datos de atención en línea se analizaron según su distribución por densidad y variación; idioma de publicación y área de conocimiento de los artículos. El rendimiento promedio por tipo de fuente de los datos de la altmetría también fue evaluado. La mayor parte de los artículos no presentó indicadores de atención en línea y muy pocos revelaron índices elevados. El mejor desempeño en la atención en línea fue verificado en las publicaciones en inglés de las áreas de Ciencias de la Salud y Ciencias Biológicas, con destaque para Mendeley y Twitter como fuentes del mayor número de menciones.@es-ES This paper aims to analyses the altmetric performance of Brazilian publications authored by researchers who are holders of productivity scholarship (PQ) of the National Council of Scientific and Technological Development (CNPq). The scope of this research assesses the PQs in activity on October, 2017 (n = 14.609). The collection of scientific production registered on Lattes was conducted via GetLattesData and filtered by articles from academic journals published between 2016 and October 2017 that hold the Digital Object Identifier (n = 99064). The online attention data are analyzed according to their distribution by density and variation; language of the publication and field of knowledge; and by average performance of the type of source that has provided its altmetric values. The result show long tail behavior of the altmetric score, with most part of the articles with no online attention, while few articles have a high index. The average of the online attention indicates a better performance of articles written in English and belonging to the Health and Biological Sciences field of knowledge. As for the sources, there was a good performance from Mendeley followed by Twitter.@en",121938,http://www.brapci.inf.br/index.php/res/v/121938,http://www.brapci.inf.br/index.php/res/download/122590
"ARAÚJO, Ronaldo Ferreira de",Da altmetria à análise de citações: uma análise da revista Datagramazero@pt-BR,DataGramaZero,"n. 1, v. 16",2015,Artigo Científico,Altmetrics; Altmetria; Citação; Comunicação Científica; Citation; Scholarly Communication; Revista DataGramaZero,"O artigo reflete sobre os impactos e possíveis relações entre dados altmétricos e citações e contribui com a discussão tendo como análise empírica a Revista DataGramaZero. Os dados altmétricos foram levantados por meio de parametrizações de APIs (Facebook e Twitter); e para a coleta das citações recorreu-se ao Publish or Perish com dados do Google.Scholar. O universo de 441 artigos forneceu para a análise 1.164 dados altmétricos e 1.932 citações. Identificou-se que 47,85% dos artigos receberam 1 ou mais menções e que 36,73% deles obtiveram 1 ou mais citações. Artigos antigos possuem maior índice de citações e artigos recentes possuem mais dados altmétricos. Não se pode afirmar haver uma relação direta e proporcional entre as métricas, mas foi verificado que os artigos com dados altmétricos concentram 61,34% do total das citações recebidas@pt-BR This paper reflects about the impacts and possible relationships between altmetrics data and traditional citations. Presents an empirical analysis of the Information Science DataGramaZero Journal. The altmetrics data were collected by parameterization of APIs (Facebook and Twitter); and to collect the citations the Publish or Perish with data Google.Scholar was used. The universe of 441 articles provided for analysis 1,164 altmetrics data and 1,932 citations. The results shows 47.85% of the articles received one or more mentions and 36.73% of them have one or more citation. Old articles have higher citation index and recent articles have more altmetrics data. The relationship between this metrics is not direct and proportional, but articles with altmetrics data concentrate 61.34% of the total citations received.@en",8103,http://www.brapci.inf.br/index.php/res/v/8103,http://www.brapci.inf.br/index.php/res/download/45895
"ARAÚJO, Ronaldo Ferreira de; CARAN, Gustavo Miranda; SOUZA, Iara Vidal Pereira de",Orientação temática e coeficiente de correlação para análise comparativa entre dados altmétricos e citações: uma análise da revista DataGramaZero@pt-BR,Em Questão,"n. 3, v. 22, p. 184-200",2016,Artigo,Altmetrics; Ciëncia Social Aplicada; Ciência da Informação; Altmetria; Citação; Coeficiente de Correlação; Citation; Correlation Coefficient,"Este trabalho propõe a verificação da relação entre a altmetria e os estudos tradicionais de citação por meio de uma orientação temática como traço identificador dos trabalhos que analisa, bem como no emprego do Coeficiente de Correlação de Pearson (CCP). Para tanto, categoriza-se 441 artigos da Revista DataGramaZero segundo uma taxonomia que dispõe de dez temáticas de pesquisa para a ciência da informação, comparando as citações desses artigos com seus dados altmétricos com objetivo de qualificar a correlação entre esses dois conjuntos de dados. Houve destaque para a categoria: ?aspectos teóricos e gerais da ciência da informação? tanto com mais artigos citados quanto em maior índice de atenção online. Verificou-se, dentre outros aspectos, que há uma correlação forte e diretamente proporcional (P1 = 0,8018) entre as variáveis de tempo de publicação e número de citações, e uma correlação forte, porém inversamente proporcional (P2 = -0,7068), entre as variáveis de tempo de publicação e número de menções altmétricas; bem como uma baixa correlação entre o número de menções e o número de citações por artigo. Ao serem calculados os coeficientes das médias ponderadas das duas variáveis por categoria temática, a correlação tornou-se moderada (P = 0,65). A discussão dos resultados foi ao encontro de pesquisas anteriores, e reforçam as potencialidades no emprego do CCP para estudos métricos da Ciência da Informação.@pt-BR The paper intends to verify the relationship between altmetrics and citation analysis using thematic orientation as a trace identifier for the works analysed, as well as Pearson´s correlation coefficient. Therefore 441 articles from the journal DataGramaZero were categorized by a taxonomy featuring ten Information Science research themes. The category ""Theoretical and general aspects of information science"" was highlighted with more articles cited and a greater attention online. It was perceived that the two variables tend to behave similarly in relation to the time of publication, however, a low correlation between the number of mention and the number of citations for each article was noted. When the coefficients of the two variables weighted averages were calculated for thematic orientations, the correlation became moderate (P = 0,65). The results were similar to previous findings in the literature, reinforcing the potential of the Pearson´s correlation coefficient for metric studies in information science.@en",11888,http://www.brapci.inf.br/index.php/res/v/11888,http://www.brapci.inf.br/index.php/res/download/47442
"CINTRA, Paulo Roberto; FURNIVAL, Ariadne Chloe; MILANEZ, Douglas Henrique",Vantagens de citação do acesso aberto em periódicos selecionados da Ciência da Informação: uma análise ampliada aos indicadores altmétricos@pt-BR,Informação & Informação,"n. 1, v. 22, p. 129-149",2017,Artigo,Ciência da Informação; Biblioteconomia; Método Quantitativo; Bibliometria; Acesso Aberto; Periódico; Altmetria,"Introdução: O acesso aberto diz respeito à literatura científica disponibilizada a qualquer usuário sem custos e livre das restrições de copyright e de licenciamento para seu reuso. Espera-se, de acordo com a hipótese do Open Access Citation Advantage, um aumento no número total de citações recebidas pelo artigos disponibilizados em acesso aberto com relação àqueles em acesso restrito.Objetivo: Analisar as possíveis vantagens de citações e menções na web social que o acesso aberto pode oferecer à área da Ciência da Informação.Metodologia: Foram analisados indicadores altmétricos e bibliométricos de citação de dois periódicos científicos: Journal of the American Society for Information Science e Scientometrics. A coleta dos dados foi realizada na Web of Science, Google Acadêmico, Altmetric.com e Mendeley.Resultados: Os resultados indicaram que o acesso aberto oferece vantagem quanto ao número de citações e de menções na web social recebidas pelos artigos em ambos as revistas. Verificou-se também que essa vantagem se mantém ao longo dos anos.Conclusões: A investigação confirma a hipótese do Open Access Citation Advantage para os periódicos selecionados da área da Ciência da Informação e demonstra que essa vantagem se estende aos dados altmétricos.@pt-BR",34362,http://www.brapci.inf.br/index.php/res/v/34362,http://www.brapci.inf.br/index.php/res/download/45900
"SILVA FILHO, Rubens da Costa; MANGAN, Patricia Kayser Vargas",IMPACTO DAS MÍDIAS SOCIAIS NA VISIBILIDADE DA REVISTA GAÚCHA DE ENFERMAGEM.@0,Encontro Nacional de Pesquisa em Ciência da Informação,n. XVIII ENANCIB,2017,"Gt-7 ? Produção e Comunicação da Informação em Ciência, Tecnologia & Inovação - Poster",Altmetrics; Mídia Social; Periódico Científico,"A publicação em formato digital facilita a visibilidade devido a possibilidade de disseminação da informação em rede, seja por meios formais ou informais de comunicação. Com a popularização e estabelecimento das mídias sociais como fontes, meios de produção e divulgação de informações entre os pesquisadores, ampliaram-se também as possibilidades de avaliar esses espaços menos tradicionais para o conhecimento produzido na ciência. A lacuna deixada pelos índices tradicionais de mensuração de impacto pode, em hipótese, ser preenchida através do uso de novos modelos de métricas baseadas em mídias sociais. Este estudo avalia a validade da utilização de altmetrics sobre os artigos publicados pela Revista Gaúcha de Enfermagem (RGE). Analisa a relação entre o número de citações em outros artigos e o número de menções nas mídias sociais sobre os artigos publicados no período entre 2011-2015. A pesquisa realizada é de natureza mista, do tipo exploratória-descritiva, fazendo uso de bibliometria e altmetria. Os dados da investigação foram coletados junto a base SCOPUS, sendo o corpus da pesquisa os artigos originais, editoriais e artigos de revisão da RGE. Constatou que na área da Enfermagem a correlação entre citações e menções de artigos, principalmente pela utilização do Mendeley, é elevada.@pt-BR",104434,http://www.brapci.inf.br/index.php/res/v/104434,http://www.brapci.inf.br/index.php/res/download/124977
"ARAÚJO, Ronaldo Ferreira de",ALTMETRIA E REDE DE COMUNIDADES DE ATENÇÃO NO TWITTER: PRIMEIROS PASSOS DE UMA PROPOSTA TEÓRICO-METODOLÓGICA@0,Encontro Nacional de Pesquisa em Ciência da Informação,n. XIX ENANCIB,2018,"Gt-7 ? Produção e Comunicação da Informação em Ciência, Tecnologia & Inovação - Comunicação Oral",Altmetria; Atenção Online; Comunidade de Atenção; Rede de Comunidade de Atenção; Twitter,"Os indicadores de atenção online têm sido debatidos no contexto da altmetria, que se concentra na compreensão do impacto da pesquisa na web social. Mais do que analisar os aspectos quantitativos dos dados, a abordagem altmétrica deve usar dados semânticos ricos para investigar o público interagindo com artigos científicos e o contexto de interações. Propomos que os aspectos estruturais e conversacionais do Twitter sejam considerados nos estudos de altmetria por meio da análise dos perfis, seguidores, menções e retweets. A avaliação desses aspectos no microblog permite a caracterização dos usuários, a verificação do grau de exposição, recomendação e de reprodução que sustentam os valores altmétricos de um artigo, bem como o mapeamento e compreensão de sua ""Rede de Comunidades de Atenção"". A proposta é aplicada no artigo ´Tratamento Farmacológico da Obesidade´, uma extensa revisão dos critérios de avaliação da eficácia dos tratamentos anti-obesidade e dos agentes farmacológicos derivados, publicado nos Arquivos Bras Metab da Endocrinologia, com 736 tweets de 134 usuários. O artigo alcançou uma exposição combinada de mais de 459.018 seguidores e um alto nível de reprodução (67,26%) e recomendação (28,53%). Quanto aos usuários que compartilham o artigo verificou-se perfis individuais com auto apresentação centrada em questões pessoais e forte engajamento cívico e político. Perfis profissionais e institucionais da cena política nacional são frequentemente mencionados. Ao analisar o conteúdo dos tweets, notamos que a pontuação altmétrica do trabalho é resultado de seu uso estratégico como um recurso de ativismo online e instrumento de digital advocacy, usado para a mobilização de partes interessadas para atividades de conscientização e apoio. A rede de comunidade de atenção apresenta nós relativamente próximos e nela os usuários assumem papéis bem definidos. A perspectiva deste estudo pode ajudar a entender o impacto social da altmetria e mais pesquisas são necessárias para confirmar isso.@pt-BR",103543,http://www.brapci.inf.br/index.php/res/v/103543,http://www.brapci.inf.br/index.php/res/download/124801
"SILVA, Janinne Barcelos de Morais; OLIVEIRA, Frederico Ramos; SHINTAKU, Milton",Publicações acadêmicas sobre juventude nas mídias sociais: um estudo Altmétrico@0,Encontro Brasileiro de Bibliometria e Cientometria,"v. 6, p. 6º Encontro Brasileiro de Bibliometria e Cientometria",2018,,Mídia Social; Juventude; Comunicação Científica; Altmetria,"O tema Juventude apresenta-se complexo, pois revela-se multidisciplinar, envolvendo disciplinas sociais, humanas, de saúde, entre outras. Com isso, torna-se um desafio para estudos avaliativos, visto que as disciplinas distintas possuem especificidades na comunicação e métodos de pesquisa. Nesse contexto, o presente estudo analisa menções realizadas, em mídias sociais, à publicações acadêmicas sobre juventude. Revelou-se que o Twitter se apresenta como maior veículo de divulgação sobre esse tema, com postagens ocorrendo em vários países. Os resultados também confirmam a transversalidade do tema e a necessidade de ampliar a investigação, a publicação e a divulgação de pesquisas, tanto por pesquisadores, quanto por gestores preocupados com a construção de uma realidade social inclusiva para jovens.@pt-BR",117380,http://www.brapci.inf.br/index.php/res/v/117380,http://www.brapci.inf.br/index.php/res/download/118658
"SOUZA, Iara Vidal Pereira de",ALTMETRIA: ESTADO DA ARTE@pt-BR,Tendências da Pesquisa Brasileira em Ciência da Informação,"n. 2, v. 7",2014,Artigo Científico,,"Este trabalho apresenta resultados de dissertação de mestrado que teve como objetivo traçar o estado da arte da altmetria. A altmetria (tradução do inglês altmetrics, contração de alternative metrics ? métricas alternativas) é uma área recente dos estudos métricos da informação científica que se ocupa do estudo, da criação e do uso de indicadores relacionados à disseminação de publicações científicas e outros produtos de pesquisa na Web Social ? visualizações, downloads, citações, reutilizações, compartilhamentos, etiquetagens, comentários, entre outros. A partir de pesquisa bibliográfica exploratória em fontes nacionais e internacionais, levantamos a produção científica sobre altmetria publicada até 2013, identificando atores envolvidos na produção de conhecimento na área, analisando as propostas e tendências dos estudos sobre o tema e refletindo sobre a viabilidade das métricas alternativas como ferramentas para análise e avaliação da comunicação científica. Constatamos que a altmetria é uma área de estudos em expansão, com o potencial de complementar os estudos métricos tradicionais e contribuir para o entendimento mais completo da comunicação científica, seus atores, seus processos, seus produtos e seus impactos.@pt-BR",119536,http://www.brapci.inf.br/index.php/res/v/119536,http://www.brapci.inf.br/index.php/res/download/121561
"BORBA, Vildeane da Rocha; ALVAREZ, Gonzalo Rubén; CAREGNATO, Sônia Elisa",Análise Altmétrica da Produção Científica das Revistas brasileiras em Ciência da Informação Qualis A1 (2011-2017) no Mendeley@pt-BR,Encontros Bibli: Revista Eletrônica de Biblioteconomia e Ciência da Informação,"n. 55, v. 24, p. 1-20",2019,Artigo,Ciência da Informação; Biblioteconomia; Altmetrics; Mendeley; Altmetria; Periódico Científico; Atenção Online; Scientific Journals; Online Attention,"Objetivo: Analisa a atenção online no Mendeley recebida pelas revistas brasileiras em Ciência da Informação Qualis A1 publicadas no período de 2011-2017. Método: De caráter quali-quantitativo e exploratório, utilizou a altmetria para análise dos dados. Resultado: A pesquisa mostrou que 71,0% das publicações foram marcadas no Mendeley por pelo menos um usuário: Transinformação (78,0%), Perspectivas em Ciência da Informação (71,0%) e Informação & Sociedade (67,0%). Em análise das marcações por perfil ocupacional dos usuários no Mendeley, destacam-se estudantes de mestrado (22,0%), doutorado (20,0%) e graduação (16,0%). Na sua maioria, os usuários que marcam itens são de nacionalidade brasileira (63,0%), mas há também marcadores do continente europeu: Portugal (10,0%) e Espanha (6,0%) e sul-americano: Colômbia (8,0%). Conclusões: Conclui que o Mendeley tem demonstrado ser uma importante mídia social para a altmetria e para a avaliação da atenção online de publicações científicas.@pt-BR Objective: It analyzes the online attention received in Mendeley by Brazilian journals in Information Science Qualis A1 published in the period of 2011-2017.Methods: Of qualitative-quantitative and exploratory character, it applied altmetrics for data analysis.Results: The survey showed that 71.0% of the publications were marked in the Mendeley by at least one user: Transinformação (78.0%), Perspectivas em Ciência da Informação (71.0%) and Informação & Sociedade (67.0%). In the analysis of the markings by occupational profile of the users in Mendeley, masters (22.0%), doctorate (20.0%) and graduate students (16.0%) stand out. Most users are of Brazilian nationality (63.0%), but there are also markers on the European continent: Portugal (10.0%) and Spain (6.0%) and South America: Colombia (8.0%).Conclusions: Concludes that, Mendeley has proven to be an important social media for the altmetrics and evaluating online attention.@en",113859,http://www.brapci.inf.br/index.php/res/v/113859,http://www.brapci.inf.br/index.php/res/download/113942
"ARAÚJO, Ronaldo Ferreira de",Estudos métricos da informação na web e o papel dos profissionais da informação@pt-BR,"Bibliotecas Universitárias: pesquisas, experiências e perspectivas","n. Especial, v. 2",2015,Artigo Original,,"Aborda os estudos métricos aplicados à web e reflete sobre seu uso em ambientes de interação como sites de redes sociais. Destaca os conceitos de webometria, cibermetria e altmetria, traçando as diferenças entre seus métodos, aplicações e suas interfaces com os campos da bibliometria e a cientometria. Considera a abordagem cibermétrica de maior abrangência e mais adequada para estudos quantitativos em blogs e sites de redes sociais e situa a altmetria como emergente campo de estudos para análise da circulação da informação científica na websocial que tem muito a crescer com o envolvimento dos profissionais da informação atuando na geração e monitoramento de dados e no apoio a pesquisadores e instituições de pesquisa.@pt-BR",110336,http://www.brapci.inf.br/index.php/res/v/110336,http://www.brapci.inf.br/index.php/res/download/110505
"GONTIJO, Marília Catarina Andrade; ARAÚJO, Ronaldo Ferreira de; OLIVEIRA, Marlene",A produção científica sobre inteligência artificial e seus impactos: análise de indicadores bibliométricos e altimétricos@pt-BR,Pesquisa Brasileira em Ciência da Informação e Biblioteconomia,"n. 3, v. 14",2019,Pesquisa em Andamento,,"Parte-se do entendimento de que a inteligência artificial se caracteriza como um campo com forte relação com outros campos intelectuais, desempenhando importante papel em nível acadêmico, em suas produções científicas, e também em nível social, em consequência de estar cada vez mais presente no cotidiano das pessoas, principalmente para aquelas que buscam em seus sistemas o auxílio para terem uma vida com mais praticidade. Sendo assim, pretende-se responder: qual o desempenho acadêmico e social da produção científica sobre inteligência artificial? Tendo por objetivo levantar a produção científica nacional e internacional sobre inteligência artificial, a presente pesquisa exploratória utiliza-se de técnicas métricas de investigação, como a bibliometria e a altmetria com coleta de dados nas bases Dimensions e Altmetric.com. Realizou-se a busca pela palavra-chave entre aspas e em língua inglesa ?artificial intelligence?, filtrada por artigos científicos de acesso aberto, entre os anos de 2012 e 2018. Como resultados preliminares, recuperou-se 4.883 artigos, com um total geral de 27.110 citações e 54.839 menções nas variadas fontes da Web Social.@pt-BR",120492,http://www.brapci.inf.br/index.php/res/v/120492,http://www.brapci.inf.br/index.php/res/download/120894
"MARICATO, João de Melo; LIMA, Ethamillya Lyanna Moura",Impactos da Altmetria: aspectos observados com análises de perfis no Facebook e Twitter@pt-BR,Informação & Sociedade: Estudos,"n. 1, v. 27",2017,Relato de Pesquisa,Ciência da Informação; Comunicação Científica; Altmetria; Métrica Alternativa; Rede Social; Impacto Científico,"Altmetria surge em 2010, propondo um conjunto de novos indicadores que medem os impactos da produção acadêmica com base em dados oriundos de mídias e redes sociais. A presente pesquisa analisa aspectos sobre os impactos proporcionados pela altmetria a partir da análise de dados do Facebook e Twitter. Foram selecionados os 100 artigos, pertencentes à coleção da Scientific Eletronic Library Online - SciELO, com maiores pontuações (Altmetric Score), pela ferramenta altmetric.com. Os perfis no Twitter e Facebook, referente aos 100 artigos, foram analisados, bem como as ações e reações. Os perfis foram categorizados em Impacto Acadêmico - IA ou Impacto Social - IS. Foram identificadas e analisadas 947 contas no Twitter e 682 contas no Facebook (total de 1.629 contas). As áreas de Ciências da Saúde, Ciências Biológicas e Ciências Sociais Aplicadas, respectivamente, foram as que mais causam impactos altmétricos. Observou-se que o Impacto Acadêmico é mais elevado que o Impacto Social e que o Facebook possui um número maior de usuários que se enquadram no perfil de IS do que o Twitter.@pt-BR",101892,http://www.brapci.inf.br/index.php/res/v/101892,http://www.brapci.inf.br/index.php/res/download/105594
"SILVA, Janinne Barcelos de Morais; JESUS, Deise Lourenço de; MARICATO, João de Melo",POSSIBILIDADES E LIMITAÇÕES DA PLATAFORMA ALTMETRIC: estudo exploratório e descritivo a partir das menções de artigos da SciELO@0,Encontro Brasileiro de Bibliometria e Cientometria,"v. 6, p. 6º Encontro Brasileiro de Bibliometria e Cientometria",2018,,Comunicação Científica; Mídia Social; Impacto Social; Altmetria,"O uso crescente das mídias sociais na comunicação do saber científico, abre-se caminho para discussões sobre como medir o impacto social da produção acadêmica no ambiente virtual. Com base na comunicação científica feita na Web 2.0, verifica-se as possibilidades e as limitações da plataforma Altmetric.com como fonte para produção de indicadores altmétricos. A natureza do estudo é exploratória e descritiva, seu universo compreende 380 artigos indexados na Scientific Electronic Library Online (SciElo), que tiveram menção em mídias sociais registrada até maio de 2017. Ao explorar o potencial uso desta plataforma, verificou-se os conteúdos disponíveis; como os dados estão estruturados; as mídias sociais que estão indexadas; o funcionamento do mecanismo de busca e formas de importação dos dados.@pt-BR",117531,http://www.brapci.inf.br/index.php/res/v/117531,http://www.brapci.inf.br/index.php/res/download/118641
"MANHIQUE, Ilídio Lobato Ernesto; RODRIGUES, Fernando de Assis; SANTANA, Ricardo César Gonçalves; CASARIN, Helen Castro Silva",Indicadores altmétricos em periódicos brasileiros da Ciência da Informação@pt-BR,Revista Ibero-Americana de Ciência da Informação,"n. 2, v. 12 No 2, p. 515-532",2019,Artigo,,"O crescente volume informacional impulsionado pelo desenvolvimento das Tecnologias de Informação e Comunicação ampliou o foco sobre a busca por visibilidade de publicações no campo científico, elevando o grau de relevância de questões como a do reconhecimento acadêmico de pesquisadores, resultando no questionamento de medidas tradicionais de avaliação de impacto acadêmico. Este estudo tem como objetivo identificar a visibilidade de parte da produção científica brasileira da Ciência da Informação, a partir dos periódicos indexados na BRAPCI ? Base de Dados Referenciais de Artigos de Periódicos em Ciência da Informação, com o uso de dados de indicadores altmétricos de serviços de Redes Sociais Online e bases de dados vinculadas a websites de gerenciamento de referências. Constatou-se que os dados altmétricos ainda possuem baixa aderência no contexto dos periódicos brasileiros relacionados com a Ciência da Informação. Entre os fatores envolvidos destaca-se a inexistência de identificadores em aproximadamente oitenta por cento dos periódicos indexados pela BRAPCI e a baixa identificação de menções às publicações nos serviços de Redes Sociais Online. Conclui-se que estas métricas alternativas para complementar as métricas tradicionais ainda necessitam de aprofundamento teórico e destaca-se, como requisito, a necessidade de instrumentalização técnica por parte dos editores.@pt-BR El creciente volumen informacional impulsado por el desarrollo de las Tecnologías de Información y Comunicación amplió el foco sobre la búsqueda de visibilidad de publicaciones en el campo científico, elevando el grado de relevancia de aspectos como do reconocimiento académico de investigadores, resultando en el cuestionamiento de las medidas tradicionales de evaluación de impacto académico. Lo objecto de este estudio és identificar la visibilidad de parte de la producción científica brasileña de Ciencia de la Información, a partir de las revistas científicas clasificado en la BRAPCI - Base de Datos Referenciales de Artículos de Revistas de la Ciencia de la Información, con el uso de datos de indicadores altmétricos de servicios de redes sociales en línea y bases de datos vinculadas a sitios web de gestión de referencias. Se constató que los datos altmétricos aún tienen baja adherencia en el contexto de las revistas científicas brasileñas relacionadas con la Ciencia de la Información. Entre los factores envueltos se destaca la inexistencia de identificadores en aproximadamente el ochenta por ciento de las revistas científicas indexadas por la BRAPCI y la baja identificación de menciones en publicaciones en los servicios de redes sociales en línea. Se concluye que estas métricas alternativas para complementar las tradicionales necesitan de profundización teórica y se destaca, como requisito, la necesidad de instrumentalización técnica por parte de los editores.@es-ES The growing informational volume boosted by the development of Information and Communication Technologies has increased the focus on the seek for visibility of publications in the scientific field, raising the degree of relevance of the academic recognition by researchers, resulting in questions about the perception of the traditional measures of evaluation of the academic impact. The goal of this study is to identify the visibility of the Brazilian scientific production of Information Science area, from the periodicals indexed in BRAPCI â€“ Referral Database of Journals Papers in Information Science, with the use of data of altmetric indicators from Online Social Networking services and databases related with reference management websites. The results show that the altmetric data still have a low level of adherence in the Brazilian journals context related to Information Science. Among the factors involved, stand out the lack of identifiers in approximately eighty percent of the journals indexed by BRAPCI and the low level of mentions on publications into the Online Social Networks services. It is concluded that these alternative metrics to complement the traditional metrics still need to be more explored theoretically and, as a requirement, technically through an implement process by publishers.@en",111989,http://www.brapci.inf.br/index.php/res/v/111989,http://www.brapci.inf.br/index.php/res/download/112058
"CARVALHO, Ana Maria Ferreira; GOUVEIA, Fabio Castro",Repositórios institucionais de acesso aberto: adequação às novas métricas da web@pt-BR,"Revista Eletrônica de Comunicação, Informação e Inovação em Saúde",v. 11,2017,,Repositorios Institucionales; Acceso Abierto; Métricas da Web; Comunicación Científica; Identificadores; Institutional Repositories; Open Access; Web Metrics; Scientific Communication; Indicators,"Repositórios institucionais de acesso aberto são elementos essenciais no sistema de comunicação científica da atualidade. Observa-se crescimento significativo de seu uso por instituições públicas de ensino superior brasileiras, nos últimos quinze anos. Cresce o uso do ambiente da web para produção, armazenamento, disseminação e acesso à informação científica e tecnológica, impactando toda a estrutura da comunicação científica. Este novo formato carece de novos indicadores para os estudos métricos da informação científica e tecnológica, como os indicadores webométricos e altmétricos. Por meio de pesquisa exploratória e descritiva, apresenta como estas instituições estão adequando seus repositórios a este novo cenário. Foram identificados que 70% dos repositórios disponibilizam estatísticas de acesso e download de itens, 22% disponibilizam dados altmétricos, 83% utilizam identificadores persistentes de objetos digitais. Mostra-se que as instituições públicas de ensino superior brasileiras estão adequando seus repositórios ao novo cenário dos estudos métricos da informação, apresentando, a altmetria, resultado ainda incipiente.@pt-BR Repositorios institucionales de acceso abierto a los elementos básicos no sistema de comunicación científica de la actualidad. Se observa crecimiento significativo de su uso por las instituciones públicas de superior brasileiras, nos últimos quince anos. Creación de un sitio web para la producción, almacenamiento, difusión y acceso a la información científica y tecnológica, impacto en toda la estructura de la comunicación científica. Este nuevo formato de nuevos indicadores para los estudios técnicos de la información científica y tecnológica, como los indicadores webométricos y altmétricos. Por medio de la investigación exploratoria y descriptiva, se presentan como estas entidades que están adecuando sus repositorios a este nuevo escenario. Hemos identificado que el 70% de los depósitos disponibles y las estadísticas de acceso a los ítems, 22% disponen dados altmétricos, 83% utilizan identificadores persistentes de objetos digitales. Se muestra que como instituciones públicas de enseñanza superior brasileiras están adecuando sus repositorios al nuevo escenario de los estudios métricos de la información, presentando, a altmetria, el resultado aún incipiente.@es-ES Institutional open access repositories are essential in todayâ€™s scholarly communication system. ItÂ´s observed significant growth of its use by public institutions of higher education in Brazil in the last fifteen years. The use of the web environment for production, storage, dissemination and access to scientific and technological information grows, impacting the entire structure of scientific communication. This new format needs new indicators for the metric studies of scientific and technological information, as webometric and altmetrics indicators. Through exploratory and descriptive research, it shows how these institutions are adapting their repositories to the new scenario. It was identified that 70% of the repositories provide statistical data on access and download of its items, 22% offer altmetric data, 83% use â€œidentifiers resolution systemâ€ of digital objects. It shows that public higher education institutions are now adapting their repositories to the new scenario of metric information studies, and altmetrics presents incipient results.@en",131300,http://www.brapci.inf.br/index.php/res/v/131300,http://www.brapci.inf.br/index.php/res/download/134017